{"tilemap": {"1;11": {"type": "grass", "variant": 1, "pos": [1, 11]}, "2;11": {"type": "grass", "variant": 1, "pos": [2, 11]}, "3;11": {"type": "grass", "variant": 1, "pos": [3, 11]}, "4;11": {"type": "grass", "variant": 1, "pos": [4, 11]}, "5;11": {"type": "grass", "variant": 1, "pos": [5, 11]}, "6;11": {"type": "grass", "variant": 1, "pos": [6, 11]}, "7;11": {"type": "grass", "variant": 2, "pos": [7, 11]}, "7;12": {"type": "grass", "variant": 8, "pos": [7, 12]}, "8;12": {"type": "grass", "variant": 2, "pos": [8, 12]}, "9;13": {"type": "grass", "variant": 2, "pos": [9, 13]}, "9;14": {"type": "grass", "variant": 4, "pos": [9, 14]}, "8;15": {"type": "grass", "variant": 4, "pos": [8, 15]}, "7;15": {"type": "grass", "variant": 5, "pos": [7, 15]}, "6;15": {"type": "grass", "variant": 5, "pos": [6, 15]}, "5;15": {"type": "grass", "variant": 5, "pos": [5, 15]}, "4;15": {"type": "grass", "variant": 5, "pos": [4, 15]}, "3;15": {"type": "grass", "variant": 5, "pos": [3, 15]}, "2;15": {"type": "grass", "variant": 5, "pos": [2, 15]}, "1;15": {"type": "grass", "variant": 5, "pos": [1, 15]}, "0;15": {"type": "grass", "variant": 5, "pos": [0, 15]}, "-1;15": {"type": "grass", "variant": 5, "pos": [-1, 15]}, "-2;15": {"type": "grass", "variant": 6, "pos": [-2, 15]}, "-3;14": {"type": "grass", "variant": 6, "pos": [-3, 14]}, "-3;13": {"type": "grass", "variant": 8, "pos": [-3, 13]}, "-4;13": {"type": "grass", "variant": 0, "pos": [-4, 13]}, "-3;12": {"type": "grass", "variant": 0, "pos": [-3, 12]}, "-2;12": {"type": "grass", "variant": 8, "pos": [-2, 12]}, "-2;11": {"type": "grass", "variant": 0, "pos": [-2, 11]}, "-1;11": {"type": "grass", "variant": 1, "pos": [-1, 11]}, "0;11": {"type": "grass", "variant": 1, "pos": [0, 11]}, "-1;12": {"type": "grass", "variant": 8, "pos": [-1, 12]}, "0;12": {"type": "grass", "variant": 8, "pos": [0, 12]}, "1;12": {"type": "grass", "variant": 8, "pos": [1, 12]}, "2;12": {"type": "grass", "variant": 8, "pos": [2, 12]}, "3;12": {"type": "grass", "variant": 8, "pos": [3, 12]}, "4;12": {"type": "grass", "variant": 8, "pos": [4, 12]}, "5;12": {"type": "grass", "variant": 8, "pos": [5, 12]}, "6;12": {"type": "grass", "variant": 8, "pos": [6, 12]}, "7;13": {"type": "grass", "variant": 8, "pos": [7, 13]}, "8;13": {"type": "grass", "variant": 8, "pos": [8, 13]}, "6;13": {"type": "grass", "variant": 8, "pos": [6, 13]}, "5;13": {"type": "grass", "variant": 8, "pos": [5, 13]}, "4;13": {"type": "grass", "variant": 8, "pos": [4, 13]}, "3;13": {"type": "grass", "variant": 8, "pos": [3, 13]}, "2;13": {"type": "grass", "variant": 8, "pos": [2, 13]}, "1;13": {"type": "grass", "variant": 8, "pos": [1, 13]}, "0;13": {"type": "grass", "variant": 8, "pos": [0, 13]}, "-1;13": {"type": "grass", "variant": 8, "pos": [-1, 13]}, "-2;13": {"type": "grass", "variant": 8, "pos": [-2, 13]}, "-2;14": {"type": "grass", "variant": 8, "pos": [-2, 14]}, "-1;14": {"type": "grass", "variant": 8, "pos": [-1, 14]}, "0;14": {"type": "grass", "variant": 8, "pos": [0, 14]}, "1;14": {"type": "grass", "variant": 8, "pos": [1, 14]}, "2;14": {"type": "grass", "variant": 8, "pos": [2, 14]}, "3;14": {"type": "grass", "variant": 8, "pos": [3, 14]}, "4;14": {"type": "grass", "variant": 8, "pos": [4, 14]}, "5;14": {"type": "grass", "variant": 8, "pos": [5, 14]}, "6;14": {"type": "grass", "variant": 8, "pos": [6, 14]}, "7;14": {"type": "grass", "variant": 8, "pos": [7, 14]}, "8;14": {"type": "grass", "variant": 8, "pos": [8, 14]}, "3;10": {"type": "spawners", "variant": 0, "pos": [3, 10]}, "-5;17": {"type": "grass", "variant": 1, "pos": [-5, 17]}, "-6;17": {"type": "grass", "variant": 0, "pos": [-6, 17]}, "-9;19": {"type": "grass", "variant": 1, "pos": [-9, 19]}, "-10;19": {"type": "grass", "variant": 0, "pos": [-10, 19]}, "-10;20": {"type": "grass", "variant": 8, "pos": [-10, 20]}, "-11;20": {"type": "grass", "variant": 0, "pos": [-11, 20]}, "-11;21": {"type": "grass", "variant": 8, "pos": [-11, 21]}, "-12;21": {"type": "grass", "variant": 0, "pos": [-12, 21]}, "-12;22": {"type": "grass", "variant": 8, "pos": [-12, 22]}, "-13;22": {"type": "grass", "variant": 0, "pos": [-13, 22]}, "-14;23": {"type": "grass", "variant": 1, "pos": [-14, 23]}, "-15;23": {"type": "grass", "variant": 0, "pos": [-15, 23]}, "-16;24": {"type": "grass", "variant": 0, "pos": [-16, 24]}, "-13;23": {"type": "grass", "variant": 8, "pos": [-13, 23]}, "-12;23": {"type": "grass", "variant": 8, "pos": [-12, 23]}, "-8;19": {"type": "grass", "variant": 1, "pos": [-8, 19]}, "-7;19": {"type": "grass", "variant": 8, "pos": [-7, 19]}, "-7;18": {"type": "grass", "variant": 0, "pos": [-7, 18]}, "-6;18": {"type": "grass", "variant": 8, "pos": [-6, 18]}, "-4;17": {"type": "grass", "variant": 2, "pos": [-4, 17]}, "-4;18": {"type": "grass", "variant": 4, "pos": [-4, 18]}, "-5;19": {"type": "grass", "variant": 3, "pos": [-5, 19]}, "-5;20": {"type": "grass", "variant": 3, "pos": [-5, 20]}, "-5;21": {"type": "grass", "variant": 4, "pos": [-5, 21]}, "-6;21": {"type": "grass", "variant": 8, "pos": [-6, 21]}, "-6;22": {"type": "grass", "variant": 3, "pos": [-6, 22]}, "-6;23": {"type": "grass", "variant": 4, "pos": [-6, 23]}, "-7;23": {"type": "grass", "variant": 8, "pos": [-7, 23]}, "-7;24": {"type": "grass", "variant": 4, "pos": [-7, 24]}, "-8;24": {"type": "grass", "variant": 8, "pos": [-8, 24]}, "-8;25": {"type": "grass", "variant": 4, "pos": [-8, 25]}, "-9;25": {"type": "grass", "variant": 5, "pos": [-9, 25]}, "-10;26": {"type": "grass", "variant": 4, "pos": [-10, 26]}, "-11;26": {"type": "grass", "variant": 5, "pos": [-11, 26]}, "-12;26": {"type": "grass", "variant": 5, "pos": [-12, 26]}, "-13;26": {"type": "grass", "variant": 5, "pos": [-13, 26]}, "-14;26": {"type": "grass", "variant": 5, "pos": [-14, 26]}, "-15;26": {"type": "grass", "variant": 5, "pos": [-15, 26]}, "-16;26": {"type": "grass", "variant": 8, "pos": [-16, 26]}, "-16;27": {"type": "grass", "variant": 4, "pos": [-16, 27]}, "-17;27": {"type": "grass", "variant": 6, "pos": [-17, 27]}, "-17;26": {"type": "grass", "variant": 8, "pos": [-17, 26]}, "-18;26": {"type": "grass", "variant": 6, "pos": [-18, 26]}, "-18;25": {"type": "grass", "variant": 0, "pos": [-18, 25]}, "-17;25": {"type": "grass", "variant": 1, "pos": [-17, 25]}, "-15;24": {"type": "grass", "variant": 8, "pos": [-15, 24]}, "-15;25": {"type": "grass", "variant": 8, "pos": [-15, 25]}, "-16;25": {"type": "grass", "variant": 8, "pos": [-16, 25]}, "-14;25": {"type": "grass", "variant": 8, "pos": [-14, 25]}, "-13;25": {"type": "grass", "variant": 8, "pos": [-13, 25]}, "-12;25": {"type": "grass", "variant": 8, "pos": [-12, 25]}, "-11;25": {"type": "grass", "variant": 8, "pos": [-11, 25]}, "-10;25": {"type": "grass", "variant": 8, "pos": [-10, 25]}, "-10;24": {"type": "grass", "variant": 8, "pos": [-10, 24]}, "-9;24": {"type": "grass", "variant": 8, "pos": [-9, 24]}, "-9;23": {"type": "grass", "variant": 8, "pos": [-9, 23]}, "-8;23": {"type": "grass", "variant": 8, "pos": [-8, 23]}, "-8;22": {"type": "grass", "variant": 8, "pos": [-8, 22]}, "-7;22": {"type": "grass", "variant": 8, "pos": [-7, 22]}, "-7;21": {"type": "grass", "variant": 8, "pos": [-7, 21]}, "-6;20": {"type": "grass", "variant": 8, "pos": [-6, 20]}, "-5;18": {"type": "grass", "variant": 8, "pos": [-5, 18]}, "-6;19": {"type": "grass", "variant": 8, "pos": [-6, 19]}, "-7;20": {"type": "grass", "variant": 8, "pos": [-7, 20]}, "-8;20": {"type": "grass", "variant": 8, "pos": [-8, 20]}, "-9;20": {"type": "grass", "variant": 8, "pos": [-9, 20]}, "-10;21": {"type": "grass", "variant": 8, "pos": [-10, 21]}, "-9;21": {"type": "grass", "variant": 8, "pos": [-9, 21]}, "-9;22": {"type": "grass", "variant": 8, "pos": [-9, 22]}, "-8;21": {"type": "grass", "variant": 8, "pos": [-8, 21]}, "-10;22": {"type": "grass", "variant": 8, "pos": [-10, 22]}, "-10;23": {"type": "grass", "variant": 8, "pos": [-10, 23]}, "-11;23": {"type": "grass", "variant": 8, "pos": [-11, 23]}, "-11;24": {"type": "grass", "variant": 8, "pos": [-11, 24]}, "-12;24": {"type": "grass", "variant": 8, "pos": [-12, 24]}, "-13;24": {"type": "grass", "variant": 8, "pos": [-13, 24]}, "-14;24": {"type": "grass", "variant": 8, "pos": [-14, 24]}, "-11;22": {"type": "grass", "variant": 8, "pos": [-11, 22]}, "-10;31": {"type": "stone", "variant": 0, "pos": [-10, 31]}, "-9;31": {"type": "stone", "variant": 8, "pos": [-9, 31]}, "-9;32": {"type": "stone", "variant": 8, "pos": [-9, 32]}, "-8;32": {"type": "stone", "variant": 8, "pos": [-8, 32]}, "-7;32": {"type": "stone", "variant": 8, "pos": [-7, 32]}, "-6;32": {"type": "stone", "variant": 8, "pos": [-6, 32]}, "-5;32": {"type": "stone", "variant": 8, "pos": [-5, 32]}, "-4;32": {"type": "stone", "variant": 8, "pos": [-4, 32]}, "-3;32": {"type": "stone", "variant": 8, "pos": [-3, 32]}, "-2;32": {"type": "stone", "variant": 8, "pos": [-2, 32]}, "-1;32": {"type": "stone", "variant": 8, "pos": [-1, 32]}, "0;32": {"type": "stone", "variant": 8, "pos": [0, 32]}, "1;32": {"type": "stone", "variant": 8, "pos": [1, 32]}, "2;32": {"type": "stone", "variant": 8, "pos": [2, 32]}, "3;32": {"type": "stone", "variant": 8, "pos": [3, 32]}, "3;33": {"type": "stone", "variant": 8, "pos": [3, 33]}, "4;33": {"type": "stone", "variant": 8, "pos": [4, 33]}, "5;33": {"type": "stone", "variant": 8, "pos": [5, 33]}, "6;33": {"type": "stone", "variant": 8, "pos": [6, 33]}, "7;33": {"type": "stone", "variant": 8, "pos": [7, 33]}, "8;33": {"type": "stone", "variant": 8, "pos": [8, 33]}, "9;33": {"type": "stone", "variant": 8, "pos": [9, 33]}, "10;33": {"type": "stone", "variant": 2, "pos": [10, 33]}, "9;32": {"type": "stone", "variant": 3, "pos": [9, 32]}, "9;31": {"type": "stone", "variant": 2, "pos": [9, 31]}, "8;31": {"type": "stone", "variant": 8, "pos": [8, 31]}, "8;30": {"type": "stone", "variant": 2, "pos": [8, 30]}, "7;29": {"type": "stone", "variant": 2, "pos": [7, 29]}, "6;29": {"type": "stone", "variant": 1, "pos": [6, 29]}, "5;29": {"type": "stone", "variant": 1, "pos": [5, 29]}, "4;29": {"type": "stone", "variant": 1, "pos": [4, 29]}, "3;29": {"type": "stone", "variant": 1, "pos": [3, 29]}, "2;29": {"type": "stone", "variant": 1, "pos": [2, 29]}, "1;29": {"type": "stone", "variant": 1, "pos": [1, 29]}, "0;29": {"type": "stone", "variant": 1, "pos": [0, 29]}, "-1;29": {"type": "stone", "variant": 1, "pos": [-1, 29]}, "-2;29": {"type": "stone", "variant": 1, "pos": [-2, 29]}, "-3;29": {"type": "stone", "variant": 1, "pos": [-3, 29]}, "-4;29": {"type": "stone", "variant": 0, "pos": [-4, 29]}, "-4;30": {"type": "stone", "variant": 8, "pos": [-4, 30]}, "-5;30": {"type": "stone", "variant": 1, "pos": [-5, 30]}, "-6;30": {"type": "stone", "variant": 1, "pos": [-6, 30]}, "-7;30": {"type": "stone", "variant": 1, "pos": [-7, 30]}, "-8;30": {"type": "stone", "variant": 1, "pos": [-8, 30]}, "-9;30": {"type": "stone", "variant": 0, "pos": [-9, 30]}, "-25;30": {"type": "stone", "variant": 1, "pos": [-25, 30]}, "-24;30": {"type": "stone", "variant": 1, "pos": [-24, 30]}, "-24;31": {"type": "stone", "variant": 8, "pos": [-24, 31]}, "-24;32": {"type": "stone", "variant": 7, "pos": [-24, 32]}, "-24;33": {"type": "stone", "variant": 6, "pos": [-24, 33]}, "-23;33": {"type": "stone", "variant": 5, "pos": [-23, 33]}, "-22;33": {"type": "stone", "variant": 5, "pos": [-22, 33]}, "-21;33": {"type": "stone", "variant": 5, "pos": [-21, 33]}, "-20;34": {"type": "stone", "variant": 6, "pos": [-20, 34]}, "-19;34": {"type": "stone", "variant": 5, "pos": [-19, 34]}, "-18;34": {"type": "stone", "variant": 5, "pos": [-18, 34]}, "-17;34": {"type": "stone", "variant": 4, "pos": [-17, 34]}, "-17;33": {"type": "stone", "variant": 3, "pos": [-17, 33]}, "-17;32": {"type": "stone", "variant": 2, "pos": [-17, 32]}, "-18;31": {"type": "stone", "variant": 2, "pos": [-18, 31]}, "-19;31": {"type": "stone", "variant": 1, "pos": [-19, 31]}, "-20;31": {"type": "stone", "variant": 1, "pos": [-20, 31]}, "-21;31": {"type": "stone", "variant": 1, "pos": [-21, 31]}, "-22;31": {"type": "stone", "variant": 8, "pos": [-22, 31]}, "-22;30": {"type": "stone", "variant": 2, "pos": [-22, 30]}, "-23;30": {"type": "stone", "variant": 1, "pos": [-23, 30]}, "-26;30": {"type": "stone", "variant": 0, "pos": [-26, 30]}, "-23;31": {"type": "stone", "variant": 8, "pos": [-23, 31]}, "-23;32": {"type": "stone", "variant": 8, "pos": [-23, 32]}, "-22;32": {"type": "stone", "variant": 8, "pos": [-22, 32]}, "-21;32": {"type": "stone", "variant": 8, "pos": [-21, 32]}, "-20;32": {"type": "stone", "variant": 8, "pos": [-20, 32]}, "-19;32": {"type": "stone", "variant": 8, "pos": [-19, 32]}, "-18;32": {"type": "stone", "variant": 8, "pos": [-18, 32]}, "-18;33": {"type": "stone", "variant": 8, "pos": [-18, 33]}, "-19;33": {"type": "stone", "variant": 8, "pos": [-19, 33]}, "-20;33": {"type": "stone", "variant": 8, "pos": [-20, 33]}, "-25;31": {"type": "stone", "variant": 6, "pos": [-25, 31]}, "-8;31": {"type": "stone", "variant": 8, "pos": [-8, 31]}, "-7;31": {"type": "stone", "variant": 8, "pos": [-7, 31]}, "-6;31": {"type": "stone", "variant": 8, "pos": [-6, 31]}, "-5;31": {"type": "stone", "variant": 8, "pos": [-5, 31]}, "-4;31": {"type": "stone", "variant": 8, "pos": [-4, 31]}, "-3;31": {"type": "stone", "variant": 8, "pos": [-3, 31]}, "-2;31": {"type": "stone", "variant": 8, "pos": [-2, 31]}, "-1;31": {"type": "stone", "variant": 8, "pos": [-1, 31]}, "0;31": {"type": "stone", "variant": 8, "pos": [0, 31]}, "1;31": {"type": "stone", "variant": 8, "pos": [1, 31]}, "2;31": {"type": "stone", "variant": 8, "pos": [2, 31]}, "3;31": {"type": "stone", "variant": 8, "pos": [3, 31]}, "4;31": {"type": "stone", "variant": 8, "pos": [4, 31]}, "5;31": {"type": "stone", "variant": 8, "pos": [5, 31]}, "6;31": {"type": "stone", "variant": 8, "pos": [6, 31]}, "6;32": {"type": "stone", "variant": 8, "pos": [6, 32]}, "5;32": {"type": "stone", "variant": 8, "pos": [5, 32]}, "4;32": {"type": "stone", "variant": 8, "pos": [4, 32]}, "7;32": {"type": "stone", "variant": 8, "pos": [7, 32]}, "8;32": {"type": "stone", "variant": 8, "pos": [8, 32]}, "7;31": {"type": "stone", "variant": 8, "pos": [7, 31]}, "6;30": {"type": "stone", "variant": 8, "pos": [6, 30]}, "5;30": {"type": "stone", "variant": 8, "pos": [5, 30]}, "4;30": {"type": "stone", "variant": 8, "pos": [4, 30]}, "3;30": {"type": "stone", "variant": 8, "pos": [3, 30]}, "2;30": {"type": "stone", "variant": 8, "pos": [2, 30]}, "1;30": {"type": "stone", "variant": 8, "pos": [1, 30]}, "0;30": {"type": "stone", "variant": 8, "pos": [0, 30]}, "-1;30": {"type": "stone", "variant": 8, "pos": [-1, 30]}, "-2;30": {"type": "stone", "variant": 8, "pos": [-2, 30]}, "-3;30": {"type": "stone", "variant": 8, "pos": [-3, 30]}, "7;30": {"type": "stone", "variant": 8, "pos": [7, 30]}, "-10;32": {"type": "stone", "variant": 8, "pos": [-10, 32]}, "-11;32": {"type": "stone", "variant": 0, "pos": [-11, 32]}, "-11;33": {"type": "stone", "variant": 8, "pos": [-11, 33]}, "-10;33": {"type": "stone", "variant": 8, "pos": [-10, 33]}, "-9;33": {"type": "stone", "variant": 8, "pos": [-9, 33]}, "-8;33": {"type": "stone", "variant": 8, "pos": [-8, 33]}, "-12;33": {"type": "stone", "variant": 0, "pos": [-12, 33]}, "-11;34": {"type": "stone", "variant": 6, "pos": [-11, 34]}, "-10;34": {"type": "stone", "variant": 5, "pos": [-10, 34]}, "15;17": {"type": "stone", "variant": 8, "pos": [15, 17]}, "16;17": {"type": "stone", "variant": 8, "pos": [16, 17]}, "17;17": {"type": "stone", "variant": 8, "pos": [17, 17]}, "18;17": {"type": "stone", "variant": 8, "pos": [18, 17]}, "19;17": {"type": "stone", "variant": 8, "pos": [19, 17]}, "20;18": {"type": "stone", "variant": 8, "pos": [20, 18]}, "21;18": {"type": "stone", "variant": 8, "pos": [21, 18]}, "22;18": {"type": "stone", "variant": 8, "pos": [22, 18]}, "23;18": {"type": "stone", "variant": 8, "pos": [23, 18]}, "24;18": {"type": "stone", "variant": 8, "pos": [24, 18]}, "24;19": {"type": "stone", "variant": 8, "pos": [24, 19]}, "25;19": {"type": "stone", "variant": 8, "pos": [25, 19]}, "25;20": {"type": "stone", "variant": 8, "pos": [25, 20]}, "26;20": {"type": "stone", "variant": 8, "pos": [26, 20]}, "27;21": {"type": "stone", "variant": 8, "pos": [27, 21]}, "28;21": {"type": "stone", "variant": 8, "pos": [28, 21]}, "16;21": {"type": "stone", "variant": 8, "pos": [16, 21]}, "15;21": {"type": "stone", "variant": 5, "pos": [15, 21]}, "14;21": {"type": "stone", "variant": 5, "pos": [14, 21]}, "13;21": {"type": "stone", "variant": 6, "pos": [13, 21]}, "13;20": {"type": "stone", "variant": 8, "pos": [13, 20]}, "12;20": {"type": "stone", "variant": 6, "pos": [12, 20]}, "12;19": {"type": "stone", "variant": 7, "pos": [12, 19]}, "12;18": {"type": "stone", "variant": 0, "pos": [12, 18]}, "13;18": {"type": "stone", "variant": 8, "pos": [13, 18]}, "13;17": {"type": "stone", "variant": 0, "pos": [13, 17]}, "14;17": {"type": "stone", "variant": 1, "pos": [14, 17]}, "26;19": {"type": "stone", "variant": 8, "pos": [26, 19]}, "27;19": {"type": "stone", "variant": 8, "pos": [27, 19]}, "28;19": {"type": "stone", "variant": 8, "pos": [28, 19]}, "29;19": {"type": "stone", "variant": 8, "pos": [29, 19]}, "29;18": {"type": "stone", "variant": 1, "pos": [29, 18]}, "30;18": {"type": "stone", "variant": 8, "pos": [30, 18]}, "30;17": {"type": "stone", "variant": 0, "pos": [30, 17]}, "31;17": {"type": "stone", "variant": 8, "pos": [31, 17]}, "31;16": {"type": "stone", "variant": 0, "pos": [31, 16]}, "32;16": {"type": "stone", "variant": 1, "pos": [32, 16]}, "33;16": {"type": "stone", "variant": 1, "pos": [33, 16]}, "34;16": {"type": "stone", "variant": 1, "pos": [34, 16]}, "35;16": {"type": "stone", "variant": 2, "pos": [35, 16]}, "35;17": {"type": "stone", "variant": 8, "pos": [35, 17]}, "34;17": {"type": "stone", "variant": 8, "pos": [34, 17]}, "36;17": {"type": "stone", "variant": 1, "pos": [36, 17]}, "37;17": {"type": "stone", "variant": 1, "pos": [37, 17]}, "38;17": {"type": "stone", "variant": 2, "pos": [38, 17]}, "38;18": {"type": "stone", "variant": 8, "pos": [38, 18]}, "37;18": {"type": "stone", "variant": 8, "pos": [37, 18]}, "37;19": {"type": "stone", "variant": 8, "pos": [37, 19]}, "37;20": {"type": "stone", "variant": 8, "pos": [37, 20]}, "36;20": {"type": "stone", "variant": 8, "pos": [36, 20]}, "35;20": {"type": "stone", "variant": 8, "pos": [35, 20]}, "34;21": {"type": "stone", "variant": 8, "pos": [34, 21]}, "33;21": {"type": "stone", "variant": 8, "pos": [33, 21]}, "32;21": {"type": "stone", "variant": 8, "pos": [32, 21]}, "31;21": {"type": "stone", "variant": 8, "pos": [31, 21]}, "30;21": {"type": "stone", "variant": 8, "pos": [30, 21]}, "29;21": {"type": "stone", "variant": 8, "pos": [29, 21]}, "27;20": {"type": "stone", "variant": 8, "pos": [27, 20]}, "28;20": {"type": "stone", "variant": 8, "pos": [28, 20]}, "29;20": {"type": "stone", "variant": 8, "pos": [29, 20]}, "30;20": {"type": "stone", "variant": 8, "pos": [30, 20]}, "31;20": {"type": "stone", "variant": 8, "pos": [31, 20]}, "32;20": {"type": "stone", "variant": 8, "pos": [32, 20]}, "33;20": {"type": "stone", "variant": 8, "pos": [33, 20]}, "34;20": {"type": "stone", "variant": 8, "pos": [34, 20]}, "35;19": {"type": "stone", "variant": 8, "pos": [35, 19]}, "35;18": {"type": "stone", "variant": 8, "pos": [35, 18]}, "36;18": {"type": "stone", "variant": 8, "pos": [36, 18]}, "34;18": {"type": "stone", "variant": 8, "pos": [34, 18]}, "33;18": {"type": "stone", "variant": 8, "pos": [33, 18]}, "32;18": {"type": "stone", "variant": 8, "pos": [32, 18]}, "32;17": {"type": "stone", "variant": 8, "pos": [32, 17]}, "33;17": {"type": "stone", "variant": 8, "pos": [33, 17]}, "31;18": {"type": "stone", "variant": 8, "pos": [31, 18]}, "30;19": {"type": "stone", "variant": 8, "pos": [30, 19]}, "31;19": {"type": "stone", "variant": 8, "pos": [31, 19]}, "32;19": {"type": "stone", "variant": 8, "pos": [32, 19]}, "33;19": {"type": "stone", "variant": 8, "pos": [33, 19]}, "34;19": {"type": "stone", "variant": 8, "pos": [34, 19]}, "36;19": {"type": "stone", "variant": 8, "pos": [36, 19]}, "18;20": {"type": "stone", "variant": 8, "pos": [18, 20]}, "17;20": {"type": "stone", "variant": 8, "pos": [17, 20]}, "16;20": {"type": "stone", "variant": 8, "pos": [16, 20]}, "15;20": {"type": "stone", "variant": 8, "pos": [15, 20]}, "14;20": {"type": "stone", "variant": 8, "pos": [14, 20]}, "13;19": {"type": "stone", "variant": 8, "pos": [13, 19]}, "14;19": {"type": "stone", "variant": 8, "pos": [14, 19]}, "15;19": {"type": "stone", "variant": 8, "pos": [15, 19]}, "16;19": {"type": "stone", "variant": 8, "pos": [16, 19]}, "17;19": {"type": "stone", "variant": 8, "pos": [17, 19]}, "18;19": {"type": "stone", "variant": 8, "pos": [18, 19]}, "19;19": {"type": "stone", "variant": 8, "pos": [19, 19]}, "20;19": {"type": "stone", "variant": 8, "pos": [20, 19]}, "21;19": {"type": "stone", "variant": 8, "pos": [21, 19]}, "22;19": {"type": "stone", "variant": 8, "pos": [22, 19]}, "23;19": {"type": "stone", "variant": 8, "pos": [23, 19]}, "18;18": {"type": "stone", "variant": 8, "pos": [18, 18]}, "19;18": {"type": "stone", "variant": 8, "pos": [19, 18]}, "17;18": {"type": "stone", "variant": 8, "pos": [17, 18]}, "16;18": {"type": "stone", "variant": 8, "pos": [16, 18]}, "15;18": {"type": "stone", "variant": 8, "pos": [15, 18]}, "14;18": {"type": "stone", "variant": 8, "pos": [14, 18]}, "15;16": {"type": "stone", "variant": 0, "pos": [15, 16]}, "16;16": {"type": "stone", "variant": 8, "pos": [16, 16]}, "17;16": {"type": "stone", "variant": 8, "pos": [17, 16]}, "18;16": {"type": "stone", "variant": 8, "pos": [18, 16]}, "19;16": {"type": "stone", "variant": 8, "pos": [19, 16]}, "20;16": {"type": "stone", "variant": 8, "pos": [20, 16]}, "21;16": {"type": "stone", "variant": 8, "pos": [21, 16]}, "22;17": {"type": "stone", "variant": 8, "pos": [22, 17]}, "23;17": {"type": "stone", "variant": 8, "pos": [23, 17]}, "24;17": {"type": "stone", "variant": 8, "pos": [24, 17]}, "25;18": {"type": "stone", "variant": 8, "pos": [25, 18]}, "26;18": {"type": "stone", "variant": 8, "pos": [26, 18]}, "27;18": {"type": "stone", "variant": 8, "pos": [27, 18]}, "28;18": {"type": "stone", "variant": 8, "pos": [28, 18]}, "28;17": {"type": "stone", "variant": 2, "pos": [28, 17]}, "27;17": {"type": "stone", "variant": 1, "pos": [27, 17]}, "26;17": {"type": "stone", "variant": 8, "pos": [26, 17]}, "25;17": {"type": "stone", "variant": 8, "pos": [25, 17]}, "24;16": {"type": "stone", "variant": 8, "pos": [24, 16]}, "24;15": {"type": "stone", "variant": 2, "pos": [24, 15]}, "23;14": {"type": "stone", "variant": 2, "pos": [23, 14]}, "22;14": {"type": "stone", "variant": 1, "pos": [22, 14]}, "21;14": {"type": "stone", "variant": 1, "pos": [21, 14]}, "20;14": {"type": "stone", "variant": 0, "pos": [20, 14]}, "20;15": {"type": "stone", "variant": 8, "pos": [20, 15]}, "19;15": {"type": "stone", "variant": 1, "pos": [19, 15]}, "18;15": {"type": "stone", "variant": 1, "pos": [18, 15]}, "17;15": {"type": "stone", "variant": 1, "pos": [17, 15]}, "16;15": {"type": "stone", "variant": 0, "pos": [16, 15]}, "25;16": {"type": "stone", "variant": 1, "pos": [25, 16]}, "26;16": {"type": "stone", "variant": 2, "pos": [26, 16]}, "23;16": {"type": "stone", "variant": 8, "pos": [23, 16]}, "23;15": {"type": "stone", "variant": 8, "pos": [23, 15]}, "22;15": {"type": "stone", "variant": 8, "pos": [22, 15]}, "21;15": {"type": "stone", "variant": 8, "pos": [21, 15]}, "21;17": {"type": "stone", "variant": 8, "pos": [21, 17]}, "20;17": {"type": "stone", "variant": 8, "pos": [20, 17]}, "22;16": {"type": "stone", "variant": 8, "pos": [22, 16]}, "16;22": {"type": "stone", "variant": 6, "pos": [16, 22]}, "17;22": {"type": "stone", "variant": 5, "pos": [17, 22]}, "18;22": {"type": "stone", "variant": 5, "pos": [18, 22]}, "19;22": {"type": "stone", "variant": 5, "pos": [19, 22]}, "20;22": {"type": "stone", "variant": 5, "pos": [20, 22]}, "21;22": {"type": "stone", "variant": 8, "pos": [21, 22]}, "21;23": {"type": "stone", "variant": 6, "pos": [21, 23]}, "22;23": {"type": "stone", "variant": 5, "pos": [22, 23]}, "23;23": {"type": "stone", "variant": 5, "pos": [23, 23]}, "24;23": {"type": "stone", "variant": 5, "pos": [24, 23]}, "25;23": {"type": "stone", "variant": 5, "pos": [25, 23]}, "26;23": {"type": "stone", "variant": 5, "pos": [26, 23]}, "27;23": {"type": "stone", "variant": 5, "pos": [27, 23]}, "28;23": {"type": "stone", "variant": 5, "pos": [28, 23]}, "28;22": {"type": "stone", "variant": 8, "pos": [28, 22]}, "29;22": {"type": "stone", "variant": 8, "pos": [29, 22]}, "30;22": {"type": "stone", "variant": 8, "pos": [30, 22]}, "27;22": {"type": "stone", "variant": 8, "pos": [27, 22]}, "26;22": {"type": "stone", "variant": 8, "pos": [26, 22]}, "25;22": {"type": "stone", "variant": 8, "pos": [25, 22]}, "24;22": {"type": "stone", "variant": 8, "pos": [24, 22]}, "23;22": {"type": "stone", "variant": 8, "pos": [23, 22]}, "22;22": {"type": "stone", "variant": 8, "pos": [22, 22]}, "26;21": {"type": "stone", "variant": 8, "pos": [26, 21]}, "25;21": {"type": "stone", "variant": 8, "pos": [25, 21]}, "24;21": {"type": "stone", "variant": 8, "pos": [24, 21]}, "23;21": {"type": "stone", "variant": 8, "pos": [23, 21]}, "24;20": {"type": "stone", "variant": 8, "pos": [24, 20]}, "23;20": {"type": "stone", "variant": 8, "pos": [23, 20]}, "22;20": {"type": "stone", "variant": 8, "pos": [22, 20]}, "21;20": {"type": "stone", "variant": 8, "pos": [21, 20]}, "20;20": {"type": "stone", "variant": 8, "pos": [20, 20]}, "19;20": {"type": "stone", "variant": 8, "pos": [19, 20]}, "18;21": {"type": "stone", "variant": 8, "pos": [18, 21]}, "17;21": {"type": "stone", "variant": 8, "pos": [17, 21]}, "19;21": {"type": "stone", "variant": 8, "pos": [19, 21]}, "20;21": {"type": "stone", "variant": 8, "pos": [20, 21]}, "21;21": {"type": "stone", "variant": 8, "pos": [21, 21]}, "22;21": {"type": "stone", "variant": 8, "pos": [22, 21]}, "29;23": {"type": "stone", "variant": 5, "pos": [29, 23]}, "30;23": {"type": "stone", "variant": 5, "pos": [30, 23]}, "33;23": {"type": "stone", "variant": 8, "pos": [33, 23]}, "34;23": {"type": "stone", "variant": 8, "pos": [34, 23]}, "35;23": {"type": "stone", "variant": 8, "pos": [35, 23]}, "35;24": {"type": "stone", "variant": 5, "pos": [35, 24]}, "31;24": {"type": "stone", "variant": 6, "pos": [31, 24]}, "31;23": {"type": "stone", "variant": 8, "pos": [31, 23]}, "32;23": {"type": "stone", "variant": 8, "pos": [32, 23]}, "33;24": {"type": "stone", "variant": 5, "pos": [33, 24]}, "32;24": {"type": "stone", "variant": 5, "pos": [32, 24]}, "36;24": {"type": "stone", "variant": 4, "pos": [36, 24]}, "36;23": {"type": "stone", "variant": 3, "pos": [36, 23]}, "36;22": {"type": "stone", "variant": 8, "pos": [36, 22]}, "37;22": {"type": "stone", "variant": 4, "pos": [37, 22]}, "37;21": {"type": "stone", "variant": 8, "pos": [37, 21]}, "38;21": {"type": "stone", "variant": 4, "pos": [38, 21]}, "38;20": {"type": "stone", "variant": 8, "pos": [38, 20]}, "39;20": {"type": "stone", "variant": 4, "pos": [39, 20]}, "39;19": {"type": "stone", "variant": 3, "pos": [39, 19]}, "39;18": {"type": "stone", "variant": 2, "pos": [39, 18]}, "38;19": {"type": "stone", "variant": 8, "pos": [38, 19]}, "36;21": {"type": "stone", "variant": 8, "pos": [36, 21]}, "35;21": {"type": "stone", "variant": 8, "pos": [35, 21]}, "32;22": {"type": "stone", "variant": 8, "pos": [32, 22]}, "31;22": {"type": "stone", "variant": 8, "pos": [31, 22]}, "33;22": {"type": "stone", "variant": 8, "pos": [33, 22]}, "34;22": {"type": "stone", "variant": 8, "pos": [34, 22]}, "35;22": {"type": "stone", "variant": 8, "pos": [35, 22]}, "34;24": {"type": "stone", "variant": 5, "pos": [34, 24]}, "18;12": {"type": "spawners", "variant": 1, "pos": [18, 12]}, "23;12": {"type": "spawners", "variant": 1, "pos": [23, 12]}, "24;12": {"type": "spawners", "variant": 1, "pos": [24, 12]}, "26;12": {"type": "spawners", "variant": 1, "pos": [26, 12]}, "29;12": {"type": "spawners", "variant": 1, "pos": [29, 12]}, "31;12": {"type": "spawners", "variant": 1, "pos": [31, 12]}, "34;12": {"type": "spawners", "variant": 1, "pos": [34, 12]}, "35;12": {"type": "spawners", "variant": 1, "pos": [35, 12]}, "37;12": {"type": "spawners", "variant": 1, "pos": [37, 12]}, "22;12": {"type": "spawners", "variant": 1, "pos": [22, 12]}, "16;12": {"type": "spawners", "variant": 1, "pos": [16, 12]}, "14;12": {"type": "spawners", "variant": 1, "pos": [14, 12]}, "12;12": {"type": "spawners", "variant": 1, "pos": [12, 12]}, "20;12": {"type": "spawners", "variant": 1, "pos": [20, 12]}, "21;12": {"type": "spawners", "variant": 1, "pos": [21, 12]}, "21;13": {"type": "spawners", "variant": 1, "pos": [21, 13]}, "22;13": {"type": "spawners", "variant": 1, "pos": [22, 13]}, "-4;11": {"type": "spawners", "variant": 1, "pos": [-4, 11]}, "4;28": {"type": "decor", "variant": 0, "pos": [4, 28]}, "-1;28": {"type": "decor", "variant": 0, "pos": [-1, 28]}, "-7;29": {"type": "decor", "variant": 1, "pos": [-7, 29]}, "-11;31": {"type": "decor", "variant": 1, "pos": [-11, 31]}, "-18;24": {"type": "spawners", "variant": 1, "pos": [-18, 24]}, "-14;22": {"type": "decor", "variant": 1, "pos": [-14, 22]}, "-9;18": {"type": "decor", "variant": 1, "pos": [-9, 18]}, "-5;16": {"type": "decor", "variant": 1, "pos": [-5, 16]}, "-13;21": {"type": "decor", "variant": 0, "pos": [-13, 21]}, "-16;23": {"type": "decor", "variant": 0, "pos": [-16, 23]}, "-7;17": {"type": "decor", "variant": 0, "pos": [-7, 17]}, "25;15": {"type": "decor", "variant": 1, "pos": [25, 15]}, "30;16": {"type": "decor", "variant": 1, "pos": [30, 16]}, "27;16": {"type": "decor", "variant": 0, "pos": [27, 16]}, "38;16": {"type": "decor", "variant": 0, "pos": [38, 16]}, "-5;33": {"type": "stone", "variant": 8, "pos": [-5, 33]}, "-7;33": {"type": "stone", "variant": 8, "pos": [-7, 33]}, "-6;33": {"type": "stone", "variant": 8, "pos": [-6, 33]}, "-4;33": {"type": "stone", "variant": 8, "pos": [-4, 33]}, "-3;33": {"type": "stone", "variant": 8, "pos": [-3, 33]}, "-2;33": {"type": "stone", "variant": 8, "pos": [-2, 33]}, "-1;33": {"type": "stone", "variant": 8, "pos": [-1, 33]}, "0;33": {"type": "stone", "variant": 8, "pos": [0, 33]}, "1;33": {"type": "stone", "variant": 8, "pos": [1, 33]}, "2;33": {"type": "stone", "variant": 8, "pos": [2, 33]}, "-8;34": {"type": "stone", "variant": 5, "pos": [-8, 34]}, "-9;34": {"type": "stone", "variant": 5, "pos": [-9, 34]}, "-7;34": {"type": "stone", "variant": 5, "pos": [-7, 34]}, "-6;34": {"type": "stone", "variant": 5, "pos": [-6, 34]}, "-5;34": {"type": "stone", "variant": 5, "pos": [-5, 34]}, "-4;34": {"type": "stone", "variant": 5, "pos": [-4, 34]}, "-3;34": {"type": "stone", "variant": 8, "pos": [-3, 34]}, "-3;35": {"type": "stone", "variant": 6, "pos": [-3, 35]}, "-2;35": {"type": "stone", "variant": 5, "pos": [-2, 35]}, "-1;35": {"type": "stone", "variant": 5, "pos": [-1, 35]}, "0;35": {"type": "stone", "variant": 5, "pos": [0, 35]}, "1;35": {"type": "stone", "variant": 5, "pos": [1, 35]}, "2;35": {"type": "stone", "variant": 5, "pos": [2, 35]}, "3;35": {"type": "stone", "variant": 5, "pos": [3, 35]}, "4;35": {"type": "stone", "variant": 5, "pos": [4, 35]}, "5;35": {"type": "stone", "variant": 5, "pos": [5, 35]}, "6;35": {"type": "stone", "variant": 5, "pos": [6, 35]}, "7;35": {"type": "stone", "variant": 5, "pos": [7, 35]}, "8;35": {"type": "stone", "variant": 5, "pos": [8, 35]}, "9;35": {"type": "stone", "variant": 5, "pos": [9, 35]}, "10;35": {"type": "stone", "variant": 4, "pos": [10, 35]}, "10;34": {"type": "stone", "variant": 3, "pos": [10, 34]}, "9;34": {"type": "stone", "variant": 8, "pos": [9, 34]}, "8;34": {"type": "stone", "variant": 8, "pos": [8, 34]}, "7;34": {"type": "stone", "variant": 8, "pos": [7, 34]}, "6;34": {"type": "stone", "variant": 8, "pos": [6, 34]}, "5;34": {"type": "stone", "variant": 8, "pos": [5, 34]}, "4;34": {"type": "stone", "variant": 8, "pos": [4, 34]}, "3;34": {"type": "stone", "variant": 8, "pos": [3, 34]}, "2;34": {"type": "stone", "variant": 8, "pos": [2, 34]}, "1;34": {"type": "stone", "variant": 8, "pos": [1, 34]}, "0;34": {"type": "stone", "variant": 8, "pos": [0, 34]}, "-1;34": {"type": "stone", "variant": 8, "pos": [-1, 34]}, "-2;34": {"type": "stone", "variant": 8, "pos": [-2, 34]}, "46;18": {"type": "grass", "variant": 0, "pos": [46, 18]}, "46;19": {"type": "grass", "variant": 7, "pos": [46, 19]}, "46;20": {"type": "grass", "variant": 7, "pos": [46, 20]}, "46;21": {"type": "grass", "variant": 6, "pos": [46, 21]}, "47;21": {"type": "grass", "variant": 8, "pos": [47, 21]}, "47;22": {"type": "grass", "variant": 6, "pos": [47, 22]}, "48;22": {"type": "grass", "variant": 5, "pos": [48, 22]}, "49;22": {"type": "grass", "variant": 5, "pos": [49, 22]}, "50;22": {"type": "grass", "variant": 5, "pos": [50, 22]}, "51;22": {"type": "grass", "variant": 5, "pos": [51, 22]}, "52;22": {"type": "grass", "variant": 5, "pos": [52, 22]}, "53;22": {"type": "grass", "variant": 5, "pos": [53, 22]}, "54;22": {"type": "grass", "variant": 5, "pos": [54, 22]}, "55;22": {"type": "grass", "variant": 5, "pos": [55, 22]}, "56;22": {"type": "grass", "variant": 4, "pos": [56, 22]}, "56;21": {"type": "grass", "variant": 8, "pos": [56, 21]}, "57;21": {"type": "grass", "variant": 4, "pos": [57, 21]}, "57;20": {"type": "grass", "variant": 8, "pos": [57, 20]}, "58;20": {"type": "grass", "variant": 4, "pos": [58, 20]}, "58;19": {"type": "grass", "variant": 8, "pos": [58, 19]}, "59;19": {"type": "grass", "variant": 4, "pos": [59, 19]}, "59;18": {"type": "grass", "variant": 3, "pos": [59, 18]}, "60;17": {"type": "grass", "variant": 5, "pos": [60, 17]}, "61;17": {"type": "grass", "variant": 5, "pos": [61, 17]}, "62;17": {"type": "grass", "variant": 5, "pos": [62, 17]}, "63;17": {"type": "grass", "variant": 4, "pos": [63, 17]}, "63;16": {"type": "grass", "variant": 2, "pos": [63, 16]}, "62;15": {"type": "grass", "variant": 2, "pos": [62, 15]}, "61;15": {"type": "grass", "variant": 8, "pos": [61, 15]}, "61;14": {"type": "grass", "variant": 2, "pos": [61, 14]}, "60;14": {"type": "grass", "variant": 1, "pos": [60, 14]}, "59;14": {"type": "grass", "variant": 0, "pos": [59, 14]}, "59;15": {"type": "grass", "variant": 8, "pos": [59, 15]}, "58;15": {"type": "grass", "variant": 1, "pos": [58, 15]}, "57;15": {"type": "grass", "variant": 1, "pos": [57, 15]}, "56;15": {"type": "grass", "variant": 0, "pos": [56, 15]}, "56;16": {"type": "grass", "variant": 7, "pos": [56, 16]}, "55;17": {"type": "grass", "variant": 1, "pos": [55, 17]}, "54;17": {"type": "grass", "variant": 8, "pos": [54, 17]}, "54;16": {"type": "grass", "variant": 2, "pos": [54, 16]}, "53;16": {"type": "grass", "variant": 1, "pos": [53, 16]}, "52;16": {"type": "grass", "variant": 8, "pos": [52, 16]}, "52;15": {"type": "grass", "variant": 3, "pos": [52, 15]}, "52;14": {"type": "grass", "variant": 2, "pos": [52, 14]}, "51;14": {"type": "grass", "variant": 1, "pos": [51, 14]}, "50;14": {"type": "grass", "variant": 0, "pos": [50, 14]}, "50;15": {"type": "grass", "variant": 8, "pos": [50, 15]}, "49;15": {"type": "grass", "variant": 0, "pos": [49, 15]}, "48;16": {"type": "grass", "variant": 0, "pos": [48, 16]}, "48;17": {"type": "grass", "variant": 8, "pos": [48, 17]}, "47;17": {"type": "grass", "variant": 0, "pos": [47, 17]}, "47;18": {"type": "grass", "variant": 8, "pos": [47, 18]}, "47;20": {"type": "grass", "variant": 8, "pos": [47, 20]}, "48;20": {"type": "grass", "variant": 8, "pos": [48, 20]}, "48;21": {"type": "grass", "variant": 8, "pos": [48, 21]}, "49;21": {"type": "grass", "variant": 8, "pos": [49, 21]}, "50;21": {"type": "grass", "variant": 8, "pos": [50, 21]}, "51;21": {"type": "grass", "variant": 8, "pos": [51, 21]}, "52;21": {"type": "grass", "variant": 8, "pos": [52, 21]}, "53;21": {"type": "grass", "variant": 8, "pos": [53, 21]}, "54;21": {"type": "grass", "variant": 8, "pos": [54, 21]}, "55;21": {"type": "grass", "variant": 8, "pos": [55, 21]}, "55;20": {"type": "grass", "variant": 8, "pos": [55, 20]}, "56;20": {"type": "grass", "variant": 8, "pos": [56, 20]}, "56;19": {"type": "grass", "variant": 8, "pos": [56, 19]}, "57;19": {"type": "grass", "variant": 8, "pos": [57, 19]}, "57;18": {"type": "grass", "variant": 8, "pos": [57, 18]}, "58;18": {"type": "grass", "variant": 8, "pos": [58, 18]}, "58;17": {"type": "grass", "variant": 8, "pos": [58, 17]}, "59;17": {"type": "grass", "variant": 8, "pos": [59, 17]}, "59;16": {"type": "grass", "variant": 8, "pos": [59, 16]}, "60;16": {"type": "grass", "variant": 8, "pos": [60, 16]}, "61;16": {"type": "grass", "variant": 8, "pos": [61, 16]}, "62;16": {"type": "grass", "variant": 8, "pos": [62, 16]}, "60;15": {"type": "grass", "variant": 8, "pos": [60, 15]}, "58;16": {"type": "grass", "variant": 8, "pos": [58, 16]}, "57;16": {"type": "grass", "variant": 8, "pos": [57, 16]}, "56;17": {"type": "grass", "variant": 8, "pos": [56, 17]}, "57;17": {"type": "grass", "variant": 8, "pos": [57, 17]}, "56;18": {"type": "grass", "variant": 8, "pos": [56, 18]}, "55;18": {"type": "grass", "variant": 8, "pos": [55, 18]}, "55;19": {"type": "grass", "variant": 8, "pos": [55, 19]}, "54;20": {"type": "grass", "variant": 8, "pos": [54, 20]}, "53;20": {"type": "grass", "variant": 8, "pos": [53, 20]}, "50;20": {"type": "grass", "variant": 8, "pos": [50, 20]}, "49;20": {"type": "grass", "variant": 8, "pos": [49, 20]}, "47;19": {"type": "grass", "variant": 8, "pos": [47, 19]}, "48;19": {"type": "grass", "variant": 8, "pos": [48, 19]}, "49;19": {"type": "grass", "variant": 8, "pos": [49, 19]}, "50;19": {"type": "grass", "variant": 8, "pos": [50, 19]}, "51;19": {"type": "grass", "variant": 8, "pos": [51, 19]}, "52;20": {"type": "grass", "variant": 8, "pos": [52, 20]}, "53;19": {"type": "grass", "variant": 8, "pos": [53, 19]}, "54;19": {"type": "grass", "variant": 8, "pos": [54, 19]}, "52;19": {"type": "grass", "variant": 8, "pos": [52, 19]}, "51;20": {"type": "grass", "variant": 8, "pos": [51, 20]}, "54;18": {"type": "grass", "variant": 8, "pos": [54, 18]}, "53;18": {"type": "grass", "variant": 8, "pos": [53, 18]}, "53;17": {"type": "grass", "variant": 8, "pos": [53, 17]}, "52;17": {"type": "grass", "variant": 8, "pos": [52, 17]}, "51;17": {"type": "grass", "variant": 8, "pos": [51, 17]}, "51;16": {"type": "grass", "variant": 8, "pos": [51, 16]}, "51;15": {"type": "grass", "variant": 8, "pos": [51, 15]}, "50;16": {"type": "grass", "variant": 8, "pos": [50, 16]}, "49;16": {"type": "grass", "variant": 8, "pos": [49, 16]}, "48;18": {"type": "grass", "variant": 8, "pos": [48, 18]}, "49;18": {"type": "grass", "variant": 8, "pos": [49, 18]}, "50;18": {"type": "grass", "variant": 8, "pos": [50, 18]}, "51;18": {"type": "grass", "variant": 8, "pos": [51, 18]}, "52;18": {"type": "grass", "variant": 8, "pos": [52, 18]}, "50;17": {"type": "grass", "variant": 8, "pos": [50, 17]}, "49;17": {"type": "grass", "variant": 8, "pos": [49, 17]}, "54;9": {"type": "grass", "variant": 0, "pos": [54, 9]}, "54;10": {"type": "grass", "variant": 7, "pos": [54, 10]}, "54;11": {"type": "grass", "variant": 5, "pos": [54, 11]}, "53;11": {"type": "grass", "variant": 0, "pos": [53, 11]}, "55;11": {"type": "grass", "variant": 5, "pos": [55, 11]}, "56;11": {"type": "grass", "variant": 5, "pos": [56, 11]}, "57;11": {"type": "grass", "variant": 4, "pos": [57, 11]}, "57;10": {"type": "grass", "variant": 3, "pos": [57, 10]}, "57;9": {"type": "grass", "variant": 2, "pos": [57, 9]}, "56;9": {"type": "grass", "variant": 1, "pos": [56, 9]}, "55;9": {"type": "grass", "variant": 1, "pos": [55, 9]}, "55;10": {"type": "grass", "variant": 8, "pos": [55, 10]}, "56;10": {"type": "grass", "variant": 8, "pos": [56, 10]}, "61;5": {"type": "grass", "variant": 0, "pos": [61, 5]}, "61;6": {"type": "grass", "variant": 8, "pos": [61, 6]}, "61;7": {"type": "grass", "variant": 8, "pos": [61, 7]}, "62;7": {"type": "grass", "variant": 8, "pos": [62, 7]}, "63;7": {"type": "grass", "variant": 8, "pos": [63, 7]}, "64;7": {"type": "grass", "variant": 8, "pos": [64, 7]}, "65;7": {"type": "grass", "variant": 8, "pos": [65, 7]}, "66;7": {"type": "grass", "variant": 5, "pos": [66, 7]}, "67;7": {"type": "grass", "variant": 5, "pos": [67, 7]}, "68;7": {"type": "grass", "variant": 5, "pos": [68, 7]}, "69;7": {"type": "grass", "variant": 4, "pos": [69, 7]}, "70;6": {"type": "grass", "variant": 4, "pos": [70, 6]}, "70;5": {"type": "grass", "variant": 2, "pos": [70, 5]}, "69;5": {"type": "grass", "variant": 8, "pos": [69, 5]}, "69;4": {"type": "grass", "variant": 2, "pos": [69, 4]}, "68;4": {"type": "grass", "variant": 8, "pos": [68, 4]}, "68;5": {"type": "grass", "variant": 8, "pos": [68, 5]}, "67;5": {"type": "grass", "variant": 8, "pos": [67, 5]}, "66;5": {"type": "grass", "variant": 8, "pos": [66, 5]}, "66;4": {"type": "grass", "variant": 8, "pos": [66, 4]}, "65;4": {"type": "grass", "variant": 8, "pos": [65, 4]}, "64;4": {"type": "grass", "variant": 1, "pos": [64, 4]}, "63;4": {"type": "grass", "variant": 1, "pos": [63, 4]}, "62;4": {"type": "grass", "variant": 0, "pos": [62, 4]}, "62;5": {"type": "grass", "variant": 8, "pos": [62, 5]}, "67;4": {"type": "grass", "variant": 8, "pos": [67, 4]}, "69;6": {"type": "grass", "variant": 8, "pos": [69, 6]}, "68;6": {"type": "grass", "variant": 8, "pos": [68, 6]}, "67;6": {"type": "grass", "variant": 8, "pos": [67, 6]}, "66;6": {"type": "grass", "variant": 8, "pos": [66, 6]}, "65;6": {"type": "grass", "variant": 8, "pos": [65, 6]}, "64;6": {"type": "grass", "variant": 8, "pos": [64, 6]}, "64;5": {"type": "grass", "variant": 8, "pos": [64, 5]}, "63;5": {"type": "grass", "variant": 8, "pos": [63, 5]}, "62;6": {"type": "grass", "variant": 8, "pos": [62, 6]}, "63;6": {"type": "grass", "variant": 8, "pos": [63, 6]}, "65;5": {"type": "grass", "variant": 8, "pos": [65, 5]}, "68;3": {"type": "grass", "variant": 2, "pos": [68, 3]}, "67;3": {"type": "grass", "variant": 1, "pos": [67, 3]}, "66;3": {"type": "grass", "variant": 1, "pos": [66, 3]}, "65;3": {"type": "grass", "variant": 0, "pos": [65, 3]}, "49;14": {"type": "decor", "variant": 0, "pos": [49, 14]}, "47;16": {"type": "decor", "variant": 1, "pos": [47, 16]}, "48;15": {"type": "decor", "variant": 2, "pos": [48, 15]}, "46;17": {"type": "decor", "variant": 0, "pos": [46, 17]}, "55;8": {"type": "decor", "variant": 0, "pos": [55, 8]}, "53;10": {"type": "decor", "variant": 1, "pos": [53, 10]}, "60;6": {"type": "grass", "variant": 0, "pos": [60, 6]}, "60;7": {"type": "grass", "variant": 7, "pos": [60, 7]}, "60;8": {"type": "grass", "variant": 6, "pos": [60, 8]}, "61;8": {"type": "grass", "variant": 5, "pos": [61, 8]}, "62;8": {"type": "grass", "variant": 5, "pos": [62, 8]}, "63;8": {"type": "grass", "variant": 5, "pos": [63, 8]}, "64;8": {"type": "grass", "variant": 5, "pos": [64, 8]}, "65;8": {"type": "grass", "variant": 4, "pos": [65, 8]}, "69;3": {"type": "decor", "variant": 0, "pos": [69, 3]}, "67;2": {"type": "decor", "variant": 3, "pos": [67, 2]}, "70;4": {"type": "decor", "variant": 3, "pos": [70, 4]}, "1;4": {"type": "stone", "variant": 3, "pos": [1, 4]}, "1;5": {"type": "stone", "variant": 3, "pos": [1, 5]}, "1;6": {"type": "stone", "variant": 3, "pos": [1, 6]}, "1;7": {"type": "stone", "variant": 4, "pos": [1, 7]}, "0;7": {"type": "stone", "variant": 5, "pos": [0, 7]}, "-1;7": {"type": "stone", "variant": 5, "pos": [-1, 7]}, "-2;7": {"type": "stone", "variant": 5, "pos": [-2, 7]}, "-3;7": {"type": "stone", "variant": 5, "pos": [-3, 7]}, "-3;6": {"type": "stone", "variant": 8, "pos": [-3, 6]}, "-3;5": {"type": "stone", "variant": 8, "pos": [-3, 5]}, "-3;4": {"type": "stone", "variant": 8, "pos": [-3, 4]}, "-2;4": {"type": "stone", "variant": 8, "pos": [-2, 4]}, "-2;3": {"type": "stone", "variant": 8, "pos": [-2, 3]}, "-1;3": {"type": "stone", "variant": 8, "pos": [-1, 3]}, "-1;2": {"type": "stone", "variant": 1, "pos": [-1, 2]}, "0;2": {"type": "stone", "variant": 1, "pos": [0, 2]}, "1;2": {"type": "stone", "variant": 2, "pos": [1, 2]}, "1;3": {"type": "stone", "variant": 3, "pos": [1, 3]}, "0;3": {"type": "stone", "variant": 8, "pos": [0, 3]}, "0;4": {"type": "stone", "variant": 8, "pos": [0, 4]}, "0;5": {"type": "stone", "variant": 8, "pos": [0, 5]}, "-1;5": {"type": "stone", "variant": 8, "pos": [-1, 5]}, "-1;6": {"type": "stone", "variant": 8, "pos": [-1, 6]}, "-2;6": {"type": "stone", "variant": 8, "pos": [-2, 6]}, "-2;5": {"type": "stone", "variant": 8, "pos": [-2, 5]}, "-1;4": {"type": "stone", "variant": 8, "pos": [-1, 4]}, "0;6": {"type": "stone", "variant": 8, "pos": [0, 6]}, "6;7": {"type": "stone", "variant": 5, "pos": [6, 7]}, "7;7": {"type": "stone", "variant": 5, "pos": [7, 7]}, "8;7": {"type": "stone", "variant": 5, "pos": [8, 7]}, "9;7": {"type": "stone", "variant": 4, "pos": [9, 7]}, "9;6": {"type": "stone", "variant": 8, "pos": [9, 6]}, "5;7": {"type": "stone", "variant": 5, "pos": [5, 7]}, "4;7": {"type": "stone", "variant": 6, "pos": [4, 7]}, "5;6": {"type": "stone", "variant": 8, "pos": [5, 6]}, "6;6": {"type": "stone", "variant": 8, "pos": [6, 6]}, "7;6": {"type": "stone", "variant": 8, "pos": [7, 6]}, "8;6": {"type": "stone", "variant": 8, "pos": [8, 6]}, "8;5": {"type": "stone", "variant": 8, "pos": [8, 5]}, "8;4": {"type": "stone", "variant": 8, "pos": [8, 4]}, "9;4": {"type": "stone", "variant": 8, "pos": [9, 4]}, "9;3": {"type": "stone", "variant": 8, "pos": [9, 3]}, "7;5": {"type": "stone", "variant": 8, "pos": [7, 5]}, "9;5": {"type": "stone", "variant": 8, "pos": [9, 5]}, "6;5": {"type": "stone", "variant": 8, "pos": [6, 5]}, "5;5": {"type": "stone", "variant": 8, "pos": [5, 5]}, "5;4": {"type": "stone", "variant": 8, "pos": [5, 4]}, "5;3": {"type": "stone", "variant": 8, "pos": [5, 3]}, "6;3": {"type": "stone", "variant": 8, "pos": [6, 3]}, "7;3": {"type": "stone", "variant": 8, "pos": [7, 3]}, "7;2": {"type": "stone", "variant": 8, "pos": [7, 2]}, "6;2": {"type": "stone", "variant": 8, "pos": [6, 2]}, "5;2": {"type": "stone", "variant": 8, "pos": [5, 2]}, "6;4": {"type": "stone", "variant": 8, "pos": [6, 4]}, "7;4": {"type": "stone", "variant": 8, "pos": [7, 4]}, "8;3": {"type": "stone", "variant": 8, "pos": [8, 3]}, "8;2": {"type": "stone", "variant": 8, "pos": [8, 2]}, "9;2": {"type": "stone", "variant": 8, "pos": [9, 2]}, "4;2": {"type": "stone", "variant": 0, "pos": [4, 2]}, "4;3": {"type": "stone", "variant": 7, "pos": [4, 3]}, "-2;2": {"type": "stone", "variant": 1, "pos": [-2, 2]}, "-3;2": {"type": "stone", "variant": 1, "pos": [-3, 2]}, "-4;2": {"type": "stone", "variant": 1, "pos": [-4, 2]}, "-5;2": {"type": "stone", "variant": 1, "pos": [-5, 2]}, "-6;1": {"type": "stone", "variant": 2, "pos": [-6, 1]}, "-7;1": {"type": "stone", "variant": 8, "pos": [-7, 1]}, "-7;0": {"type": "stone", "variant": 2, "pos": [-7, 0]}, "-8;0": {"type": "stone", "variant": 1, "pos": [-8, 0]}, "-9;0": {"type": "stone", "variant": 1, "pos": [-9, 0]}, "-10;0": {"type": "stone", "variant": 0, "pos": [-10, 0]}, "-10;1": {"type": "stone", "variant": 7, "pos": [-10, 1]}, "-10;2": {"type": "stone", "variant": 6, "pos": [-10, 2]}, "-9;3": {"type": "stone", "variant": 6, "pos": [-9, 3]}, "-8;3": {"type": "stone", "variant": 8, "pos": [-8, 3]}, "-8;4": {"type": "stone", "variant": 6, "pos": [-8, 4]}, "-7;4": {"type": "stone", "variant": 8, "pos": [-7, 4]}, "-7;5": {"type": "stone", "variant": 6, "pos": [-7, 5]}, "-6;5": {"type": "stone", "variant": 8, "pos": [-6, 5]}, "-6;6": {"type": "stone", "variant": 6, "pos": [-6, 6]}, "-5;6": {"type": "stone", "variant": 5, "pos": [-5, 6]}, "-4;6": {"type": "stone", "variant": 8, "pos": [-4, 6]}, "-4;7": {"type": "stone", "variant": 6, "pos": [-4, 7]}, "-4;5": {"type": "stone", "variant": 8, "pos": [-4, 5]}, "-4;4": {"type": "stone", "variant": 8, "pos": [-4, 4]}, "-4;3": {"type": "stone", "variant": 8, "pos": [-4, 3]}, "-3;3": {"type": "stone", "variant": 8, "pos": [-3, 3]}, "-5;3": {"type": "stone", "variant": 8, "pos": [-5, 3]}, "-6;3": {"type": "stone", "variant": 8, "pos": [-6, 3]}, "-7;3": {"type": "stone", "variant": 8, "pos": [-7, 3]}, "-7;2": {"type": "stone", "variant": 8, "pos": [-7, 2]}, "-8;2": {"type": "stone", "variant": 8, "pos": [-8, 2]}, "-8;1": {"type": "stone", "variant": 8, "pos": [-8, 1]}, "-9;1": {"type": "stone", "variant": 8, "pos": [-9, 1]}, "-9;2": {"type": "stone", "variant": 8, "pos": [-9, 2]}, "-6;2": {"type": "stone", "variant": 8, "pos": [-6, 2]}, "-6;4": {"type": "stone", "variant": 8, "pos": [-6, 4]}, "-5;5": {"type": "stone", "variant": 8, "pos": [-5, 5]}, "-5;4": {"type": "stone", "variant": 8, "pos": [-5, 4]}, "4;4": {"type": "stone", "variant": 7, "pos": [4, 4]}, "4;5": {"type": "stone", "variant": 7, "pos": [4, 5]}, "4;6": {"type": "stone", "variant": 7, "pos": [4, 6]}, "5;1": {"type": "stone", "variant": 0, "pos": [5, 1]}, "6;1": {"type": "stone", "variant": 1, "pos": [6, 1]}, "7;1": {"type": "stone", "variant": 1, "pos": [7, 1]}, "8;1": {"type": "stone", "variant": 1, "pos": [8, 1]}, "9;1": {"type": "stone", "variant": 1, "pos": [9, 1]}, "10;1": {"type": "stone", "variant": 8, "pos": [10, 1]}, "10;2": {"type": "stone", "variant": 8, "pos": [10, 2]}, "10;3": {"type": "stone", "variant": 8, "pos": [10, 3]}, "10;4": {"type": "stone", "variant": 8, "pos": [10, 4]}, "10;5": {"type": "stone", "variant": 8, "pos": [10, 5]}, "10;6": {"type": "stone", "variant": 5, "pos": [10, 6]}, "11;5": {"type": "stone", "variant": 8, "pos": [11, 5]}, "11;6": {"type": "stone", "variant": 5, "pos": [11, 6]}, "12;6": {"type": "stone", "variant": 4, "pos": [12, 6]}, "12;5": {"type": "stone", "variant": 3, "pos": [12, 5]}, "12;4": {"type": "stone", "variant": 8, "pos": [12, 4]}, "13;4": {"type": "stone", "variant": 4, "pos": [13, 4]}, "13;3": {"type": "stone", "variant": 3, "pos": [13, 3]}, "13;2": {"type": "stone", "variant": 3, "pos": [13, 2]}, "13;1": {"type": "stone", "variant": 8, "pos": [13, 1]}, "14;1": {"type": "stone", "variant": 4, "pos": [14, 1]}, "14;0": {"type": "stone", "variant": 2, "pos": [14, 0]}, "13;0": {"type": "stone", "variant": 1, "pos": [13, 0]}, "12;0": {"type": "stone", "variant": 1, "pos": [12, 0]}, "11;0": {"type": "stone", "variant": 1, "pos": [11, 0]}, "10;0": {"type": "stone", "variant": 0, "pos": [10, 0]}, "12;1": {"type": "stone", "variant": 8, "pos": [12, 1]}, "11;1": {"type": "stone", "variant": 8, "pos": [11, 1]}, "11;2": {"type": "stone", "variant": 8, "pos": [11, 2]}, "11;3": {"type": "stone", "variant": 8, "pos": [11, 3]}, "11;4": {"type": "stone", "variant": 8, "pos": [11, 4]}, "12;3": {"type": "stone", "variant": 8, "pos": [12, 3]}, "12;2": {"type": "stone", "variant": 8, "pos": [12, 2]}, "-9;-1": {"type": "spawners", "variant": 1, "pos": [-9, -1]}, "-5;0": {"type": "spawners", "variant": 1, "pos": [-5, 0]}, "-2;1": {"type": "spawners", "variant": 1, "pos": [-2, 1]}, "-1;1": {"type": "spawners", "variant": 1, "pos": [-1, 1]}, "0;1": {"type": "spawners", "variant": 1, "pos": [0, 1]}, "7;-1": {"type": "spawners", "variant": 1, "pos": [7, -1]}, "9;-1": {"type": "spawners", "variant": 1, "pos": [9, -1]}, "10;-1": {"type": "spawners", "variant": 1, "pos": [10, -1]}, "11;-1": {"type": "spawners", "variant": 1, "pos": [11, -1]}, "12;-1": {"type": "spawners", "variant": 1, "pos": [12, -1]}, "13;-2": {"type": "spawners", "variant": 1, "pos": [13, -2]}, "-31;29": {"type": "stone", "variant": 6, "pos": [-31, 29]}, "-30;29": {"type": "stone", "variant": 5, "pos": [-30, 29]}, "-30;28": {"type": "stone", "variant": 8, "pos": [-30, 28]}, "-30;27": {"type": "stone", "variant": 2, "pos": [-30, 27]}, "-31;27": {"type": "stone", "variant": 0, "pos": [-31, 27]}, "-32;28": {"type": "stone", "variant": 0, "pos": [-32, 28]}, "-31;28": {"type": "stone", "variant": 8, "pos": [-31, 28]}, "-29;29": {"type": "stone", "variant": 5, "pos": [-29, 29]}, "-29;28": {"type": "stone", "variant": 2, "pos": [-29, 28]}, "-28;29": {"type": "stone", "variant": 0, "pos": [-28, 29]}, "-28;25": {"type": "stone", "variant": 0, "pos": [-28, 25]}, "-27;25": {"type": "stone", "variant": 5, "pos": [-27, 25]}, "-26;25": {"type": "stone", "variant": 5, "pos": [-26, 25]}, "-25;25": {"type": "stone", "variant": 5, "pos": [-25, 25]}, "-24;25": {"type": "stone", "variant": 4, "pos": [-24, 25]}, "-24;24": {"type": "stone", "variant": 8, "pos": [-24, 24]}, "-23;24": {"type": "stone", "variant": 4, "pos": [-23, 24]}, "-25;24": {"type": "stone", "variant": 8, "pos": [-25, 24]}, "-26;24": {"type": "stone", "variant": 8, "pos": [-26, 24]}, "-27;24": {"type": "stone", "variant": 0, "pos": [-27, 24]}, "-24;23": {"type": "stone", "variant": 1, "pos": [-24, 23]}, "-23;23": {"type": "stone", "variant": 2, "pos": [-23, 23]}, "-25;23": {"type": "stone", "variant": 1, "pos": [-25, 23]}, "-26;23": {"type": "stone", "variant": 0, "pos": [-26, 23]}, "-24;22": {"type": "spawners", "variant": 1, "pos": [-24, 22]}, "-25;22": {"type": "spawners", "variant": 1, "pos": [-25, 22]}, "-31;26": {"type": "spawners", "variant": 1, "pos": [-31, 26]}, "70;2": {"type": "spawners", "variant": 1, "pos": [70, 2]}, "-17;24": {"type": "spawners", "variant": 1, "pos": [-17, 24]}}, "tile_size": 16, "offgrid": [{"type": "spawners", "variant": 1, "pos": [131.0, 170.0]}, {"type": "spawners", "variant": 1, "pos": [-252.0, 348.5]}, {"type": "spawners", "variant": 1, "pos": [-252.5, 346.0]}, {"type": "spawners", "variant": 1, "pos": [-249.5, 342.0]}, {"type": "spawners", "variant": 1, "pos": [-244.5, 336.5]}, {"type": "spawners", "variant": 1, "pos": [-242.0, 334.0]}, {"type": "spawners", "variant": 1, "pos": [-206.5, 301.0]}, {"type": "spawners", "variant": 1, "pos": [-203.5, 299.5]}, {"type": "spawners", "variant": 1, "pos": [-200.0, 298.5]}, {"type": "spawners", "variant": 1, "pos": [-187.5, 291.0]}, {"type": "spawners", "variant": 1, "pos": [-182.5, 287.5]}, {"type": "spawners", "variant": 1, "pos": [-178.5, 284.5]}, {"type": "spawners", "variant": 1, "pos": [-131.5, 259.5]}, {"type": "spawners", "variant": 1, "pos": [-124.5, 257.0]}, {"type": "spawners", "variant": 1, "pos": [-118.5, 254.5]}, {"type": "spawners", "variant": 1, "pos": [-104.5, 246.5]}, {"type": "spawners", "variant": 1, "pos": [-97.5, 240.5]}, {"type": "spawners", "variant": 1, "pos": [-95.0, 236.5]}, {"type": "spawners", "variant": 1, "pos": [-365.5, 460.0]}, {"type": "spawners", "variant": 1, "pos": [-302.0, 472.5]}, {"type": "spawners", "variant": 1, "pos": [-270.0, 492.0]}, {"type": "spawners", "variant": 1, "pos": [-310.5, 464.0]}, {"type": "spawners", "variant": 1, "pos": [-171.5, 493.5]}, {"type": "spawners", "variant": 1, "pos": [-169.0, 492.0]}, {"type": "spawners", "variant": 1, "pos": [-166.5, 490.5]}, {"type": "spawners", "variant": 1, "pos": [-141.5, 475.5]}, {"type": "spawners", "variant": 1, "pos": [-133.5, 473.0]}, {"type": "spawners", "variant": 1, "pos": [-130.0, 472.0]}, {"type": "spawners", "variant": 1, "pos": [-100.5, 446.0]}, {"type": "spawners", "variant": 1, "pos": [-97.0, 444.0]}, {"type": "spawners", "variant": 1, "pos": [-93.5, 442.5]}, {"type": "spawners", "variant": 1, "pos": [-62.5, 436.5]}, {"type": "spawners", "variant": 1, "pos": [-59.0, 435.5]}, {"type": "spawners", "variant": 1, "pos": [-56.0, 435.0]}, {"type": "spawners", "variant": 1, "pos": [-4.5, 419.0]}, {"type": "spawners", "variant": 1, "pos": [2.0, 419.0]}, {"type": "spawners", "variant": 1, "pos": [7.5, 419.0]}, {"type": "spawners", "variant": 1, "pos": [54.0, 421.5]}, {"type": "spawners", "variant": 1, "pos": [70.0, 421.5]}, {"type": "spawners", "variant": 1, "pos": [77.0, 422.5]}, {"type": "large_decor", "variant": 0, "pos": [88.5, 455.0]}, {"type": "large_decor", "variant": 2, "pos": [-43.5, 421.0]}, {"type": "decor", "variant": 3, "pos": [101.0, 161.0]}, {"type": "decor", "variant": 3, "pos": [88.5, 161.0]}, {"type": "decor", "variant": 3, "pos": [-26.5, 161.0]}, {"type": "large_decor", "variant": 2, "pos": [-2.5, 132.0]}, {"type": "large_decor", "variant": 0, "pos": [56.5, 167.0]}, {"type": "large_decor", "variant": 0, "pos": [209.0, 264.5]}, {"type": "large_decor", "variant": 0, "pos": [338.5, 217.5]}, {"type": "large_decor", "variant": 2, "pos": [531.5, 214.0]}, {"type": "large_decor", "variant": 1, "pos": [284.5, 228.0]}, {"type": "decor", "variant": 3, "pos": [638.0, 314.0]}, {"type": "decor", "variant": 3, "pos": [649.5, 303.0]}, {"type": "decor", "variant": 3, "pos": [648.0, 291.5]}, {"type": "decor", "variant": 3, "pos": [637.0, 291.5]}, {"type": "decor", "variant": 3, "pos": [659.0, 291.5]}, {"type": "decor", "variant": 3, "pos": [671.5, 291.5]}, {"type": "decor", "variant": 3, "pos": [682.5, 291.5]}, {"type": "decor", "variant": 3, "pos": [692.5, 291.5]}, {"type": "decor", "variant": 3, "pos": [702.5, 291.5]}, {"type": "decor", "variant": 3, "pos": [713.5, 291.5]}, {"type": "decor", "variant": 3, "pos": [722.5, 291.5]}, {"type": "decor", "variant": 3, "pos": [712.0, 303.5]}, {"type": "decor", "variant": 3, "pos": [723.0, 315.0]}, {"type": "spawners", "variant": 1, "pos": [966.5, 202.0]}, {"type": "spawners", "variant": 1, "pos": [1006.0, 201.0]}, {"type": "spawners", "variant": 1, "pos": [965.5, 194.5]}, {"type": "spawners", "variant": 1, "pos": [918.5, 199.5]}, {"type": "spawners", "variant": 1, "pos": [889.0, 204.0]}, {"type": "spawners", "variant": 1, "pos": [859.0, 204.5]}, {"type": "spawners", "variant": 1, "pos": [819.0, 204.5]}, {"type": "spawners", "variant": 1, "pos": [775.0, 209.5]}, {"type": "spawners", "variant": 1, "pos": [749.5, 219.0]}, {"type": "large_decor", "variant": 0, "pos": [848.5, 248.0]}, {"type": "large_decor", "variant": 2, "pos": [969.0, 181.0]}, {"type": "large_decor", "variant": 2, "pos": [746.0, 229.0]}, {"type": "spawners", "variant": 1, "pos": [903.5, 115.0]}, {"type": "spawners", "variant": 1, "pos": [1006.0, 49.5]}, {"type": "spawners", "variant": 1, "pos": [1078.0, 27.0]}, {"type": "large_decor", "variant": 1, "pos": [897.0, 132.0]}, {"type": "large_decor", "variant": 2, "pos": [1042.0, 5.0]}, {"type": "large_decor", "variant": 1, "pos": [995.0, 53.0]}, {"type": "large_decor", "variant": 0, "pos": [-134.0, -8.5]}, {"type": "large_decor", "variant": 2, "pos": [91.0, -26.5]}, {"type": "spawners", "variant": 1, "pos": [-187.0, 512.0]}, {"type": "spawners", "variant": 1, "pos": [148.5, 471.5]}]}