{"tilemap": {"11;5": {"type": "spawners", "variant": 0, "pos": [11, 5]}, "9;6": {"type": "grass", "variant": 1, "pos": [9, 6]}, "10;6": {"type": "grass", "variant": 1, "pos": [10, 6]}, "11;6": {"type": "grass", "variant": 1, "pos": [11, 6]}, "12;6": {"type": "grass", "variant": 1, "pos": [12, 6]}, "13;6": {"type": "grass", "variant": 1, "pos": [13, 6]}, "14;6": {"type": "grass", "variant": 1, "pos": [14, 6]}, "15;6": {"type": "grass", "variant": 1, "pos": [15, 6]}, "16;6": {"type": "grass", "variant": 1, "pos": [16, 6]}, "17;6": {"type": "grass", "variant": 1, "pos": [17, 6]}, "18;6": {"type": "grass", "variant": 2, "pos": [18, 6]}, "18;7": {"type": "grass", "variant": 8, "pos": [18, 7]}, "19;7": {"type": "grass", "variant": 2, "pos": [19, 7]}, "19;8": {"type": "grass", "variant": 8, "pos": [19, 8]}, "20;8": {"type": "grass", "variant": 0, "pos": [20, 8]}, "19;9": {"type": "grass", "variant": 4, "pos": [19, 9]}, "18;9": {"type": "grass", "variant": 5, "pos": [18, 9]}, "18;8": {"type": "grass", "variant": 8, "pos": [18, 8]}, "17;8": {"type": "grass", "variant": 8, "pos": [17, 8]}, "16;8": {"type": "grass", "variant": 8, "pos": [16, 8]}, "15;8": {"type": "grass", "variant": 8, "pos": [15, 8]}, "14;8": {"type": "grass", "variant": 8, "pos": [14, 8]}, "13;8": {"type": "grass", "variant": 8, "pos": [13, 8]}, "12;8": {"type": "grass", "variant": 8, "pos": [12, 8]}, "11;8": {"type": "grass", "variant": 8, "pos": [11, 8]}, "10;8": {"type": "grass", "variant": 8, "pos": [10, 8]}, "9;8": {"type": "grass", "variant": 8, "pos": [9, 8]}, "8;8": {"type": "grass", "variant": 8, "pos": [8, 8]}, "7;8": {"type": "grass", "variant": 8, "pos": [7, 8]}, "6;8": {"type": "grass", "variant": 6, "pos": [6, 8]}, "6;7": {"type": "grass", "variant": 0, "pos": [6, 7]}, "7;7": {"type": "grass", "variant": 1, "pos": [7, 7]}, "8;7": {"type": "grass", "variant": 8, "pos": [8, 7]}, "9;7": {"type": "grass", "variant": 8, "pos": [9, 7]}, "10;7": {"type": "grass", "variant": 8, "pos": [10, 7]}, "11;7": {"type": "grass", "variant": 8, "pos": [11, 7]}, "12;7": {"type": "grass", "variant": 8, "pos": [12, 7]}, "13;7": {"type": "grass", "variant": 8, "pos": [13, 7]}, "14;7": {"type": "grass", "variant": 8, "pos": [14, 7]}, "15;7": {"type": "grass", "variant": 8, "pos": [15, 7]}, "16;7": {"type": "grass", "variant": 8, "pos": [16, 7]}, "17;7": {"type": "grass", "variant": 8, "pos": [17, 7]}, "17;9": {"type": "grass", "variant": 5, "pos": [17, 9]}, "16;9": {"type": "grass", "variant": 5, "pos": [16, 9]}, "15;9": {"type": "grass", "variant": 5, "pos": [15, 9]}, "14;9": {"type": "grass", "variant": 5, "pos": [14, 9]}, "13;9": {"type": "grass", "variant": 5, "pos": [13, 9]}, "12;9": {"type": "grass", "variant": 5, "pos": [12, 9]}, "11;9": {"type": "grass", "variant": 5, "pos": [11, 9]}, "10;9": {"type": "grass", "variant": 5, "pos": [10, 9]}, "9;9": {"type": "grass", "variant": 5, "pos": [9, 9]}, "8;9": {"type": "grass", "variant": 5, "pos": [8, 9]}, "7;9": {"type": "grass", "variant": 6, "pos": [7, 9]}, "8;6": {"type": "grass", "variant": 0, "pos": [8, 6]}, "13;5": {"type": "decor", "variant": 0, "pos": [13, 5]}, "15;5": {"type": "decor", "variant": 2, "pos": [15, 5]}, "18;5": {"type": "decor", "variant": 3, "pos": [18, 5]}, "9;5": {"type": "decor", "variant": 1, "pos": [9, 5]}, "6;6": {"type": "decor", "variant": 1, "pos": [6, 6]}, "25;7": {"type": "stone", "variant": 0, "pos": [25, 7]}, "26;7": {"type": "stone", "variant": 1, "pos": [26, 7]}, "27;7": {"type": "stone", "variant": 1, "pos": [27, 7]}, "28;7": {"type": "stone", "variant": 1, "pos": [28, 7]}, "29;7": {"type": "stone", "variant": 1, "pos": [29, 7]}, "30;7": {"type": "stone", "variant": 1, "pos": [30, 7]}, "31;7": {"type": "stone", "variant": 8, "pos": [31, 7]}, "32;7": {"type": "stone", "variant": 8, "pos": [32, 7]}, "33;7": {"type": "stone", "variant": 8, "pos": [33, 7]}, "34;7": {"type": "stone", "variant": 8, "pos": [34, 7]}, "35;7": {"type": "stone", "variant": 8, "pos": [35, 7]}, "36;7": {"type": "stone", "variant": 8, "pos": [36, 7]}, "37;7": {"type": "stone", "variant": 8, "pos": [37, 7]}, "38;7": {"type": "stone", "variant": 8, "pos": [38, 7]}, "39;7": {"type": "stone", "variant": 8, "pos": [39, 7]}, "39;6": {"type": "stone", "variant": 8, "pos": [39, 6]}, "40;6": {"type": "stone", "variant": 1, "pos": [40, 6]}, "42;3": {"type": "stone", "variant": 5, "pos": [42, 3]}, "43;3": {"type": "stone", "variant": 5, "pos": [43, 3]}, "43;2": {"type": "stone", "variant": 8, "pos": [43, 2]}, "44;1": {"type": "stone", "variant": 8, "pos": [44, 1]}, "44;0": {"type": "stone", "variant": 8, "pos": [44, 0]}, "45;0": {"type": "stone", "variant": 8, "pos": [45, 0]}, "45;-1": {"type": "stone", "variant": 8, "pos": [45, -1]}, "45;-2": {"type": "stone", "variant": 8, "pos": [45, -2]}, "45;-3": {"type": "stone", "variant": 8, "pos": [45, -3]}, "45;-4": {"type": "stone", "variant": 7, "pos": [45, -4]}, "45;-5": {"type": "stone", "variant": 7, "pos": [45, -5]}, "45;-6": {"type": "stone", "variant": 8, "pos": [45, -6]}, "44;-6": {"type": "stone", "variant": 6, "pos": [44, -6]}, "44;-7": {"type": "stone", "variant": 1, "pos": [44, -7]}, "43;-7": {"type": "stone", "variant": 1, "pos": [43, -7]}, "42;-7": {"type": "stone", "variant": 1, "pos": [42, -7]}, "41;-7": {"type": "stone", "variant": 1, "pos": [41, -7]}, "40;-7": {"type": "stone", "variant": 1, "pos": [40, -7]}, "39;-7": {"type": "stone", "variant": 1, "pos": [39, -7]}, "38;-7": {"type": "stone", "variant": 1, "pos": [38, -7]}, "37;-7": {"type": "stone", "variant": 1, "pos": [37, -7]}, "36;-7": {"type": "stone", "variant": 1, "pos": [36, -7]}, "35;-7": {"type": "stone", "variant": 1, "pos": [35, -7]}, "34;-7": {"type": "stone", "variant": 0, "pos": [34, -7]}, "34;-6": {"type": "stone", "variant": 8, "pos": [34, -6]}, "33;-6": {"type": "stone", "variant": 0, "pos": [33, -6]}, "32;-5": {"type": "stone", "variant": 0, "pos": [32, -5]}, "32;-4": {"type": "stone", "variant": 8, "pos": [32, -4]}, "31;-4": {"type": "stone", "variant": 0, "pos": [31, -4]}, "31;-3": {"type": "stone", "variant": 7, "pos": [31, -3]}, "31;-2": {"type": "stone", "variant": 8, "pos": [31, -2]}, "30;-2": {"type": "stone", "variant": 0, "pos": [30, -2]}, "30;-1": {"type": "stone", "variant": 7, "pos": [30, -1]}, "30;0": {"type": "stone", "variant": 7, "pos": [30, 0]}, "30;1": {"type": "stone", "variant": 8, "pos": [30, 1]}, "29;1": {"type": "stone", "variant": 0, "pos": [29, 1]}, "28;2": {"type": "stone", "variant": 1, "pos": [28, 2]}, "27;2": {"type": "stone", "variant": 0, "pos": [27, 2]}, "27;3": {"type": "stone", "variant": 8, "pos": [27, 3]}, "26;3": {"type": "stone", "variant": 0, "pos": [26, 3]}, "25;4": {"type": "stone", "variant": 0, "pos": [25, 4]}, "26;4": {"type": "stone", "variant": 5, "pos": [26, 4]}, "27;4": {"type": "stone", "variant": 5, "pos": [27, 4]}, "28;4": {"type": "stone", "variant": 5, "pos": [28, 4]}, "29;4": {"type": "stone", "variant": 4, "pos": [29, 4]}, "29;3": {"type": "stone", "variant": 8, "pos": [29, 3]}, "30;3": {"type": "stone", "variant": 4, "pos": [30, 3]}, "30;2": {"type": "stone", "variant": 8, "pos": [30, 2]}, "29;2": {"type": "stone", "variant": 8, "pos": [29, 2]}, "28;3": {"type": "stone", "variant": 8, "pos": [28, 3]}, "31;1": {"type": "stone", "variant": 8, "pos": [31, 1]}, "31;0": {"type": "stone", "variant": 8, "pos": [31, 0]}, "32;-1": {"type": "stone", "variant": 8, "pos": [32, -1]}, "32;-2": {"type": "stone", "variant": 8, "pos": [32, -2]}, "31;-1": {"type": "stone", "variant": 8, "pos": [31, -1]}, "32;-3": {"type": "stone", "variant": 8, "pos": [32, -3]}, "33;-4": {"type": "stone", "variant": 8, "pos": [33, -4]}, "33;-5": {"type": "stone", "variant": 8, "pos": [33, -5]}, "34;-5": {"type": "stone", "variant": 8, "pos": [34, -5]}, "35;-5": {"type": "stone", "variant": 8, "pos": [35, -5]}, "35;-6": {"type": "stone", "variant": 8, "pos": [35, -6]}, "36;-6": {"type": "stone", "variant": 8, "pos": [36, -6]}, "37;-6": {"type": "stone", "variant": 8, "pos": [37, -6]}, "38;-6": {"type": "stone", "variant": 8, "pos": [38, -6]}, "39;-6": {"type": "stone", "variant": 8, "pos": [39, -6]}, "40;-6": {"type": "stone", "variant": 8, "pos": [40, -6]}, "41;-6": {"type": "stone", "variant": 5, "pos": [41, -6]}, "42;-6": {"type": "stone", "variant": 4, "pos": [42, -6]}, "44;-3": {"type": "stone", "variant": 0, "pos": [44, -3]}, "44;-2": {"type": "stone", "variant": 8, "pos": [44, -2]}, "44;-1": {"type": "stone", "variant": 8, "pos": [44, -1]}, "43;0": {"type": "stone", "variant": 8, "pos": [43, 0]}, "43;-1": {"type": "stone", "variant": 8, "pos": [43, -1]}, "43;-2": {"type": "stone", "variant": 0, "pos": [43, -2]}, "40;-5": {"type": "stone", "variant": 4, "pos": [40, -5]}, "39;-5": {"type": "stone", "variant": 5, "pos": [39, -5]}, "38;-5": {"type": "stone", "variant": 8, "pos": [38, -5]}, "37;-5": {"type": "stone", "variant": 8, "pos": [37, -5]}, "36;-5": {"type": "stone", "variant": 8, "pos": [36, -5]}, "33;-3": {"type": "stone", "variant": 8, "pos": [33, -3]}, "34;-3": {"type": "stone", "variant": 8, "pos": [34, -3]}, "35;-3": {"type": "stone", "variant": 8, "pos": [35, -3]}, "36;-3": {"type": "stone", "variant": 8, "pos": [36, -3]}, "37;-3": {"type": "stone", "variant": 4, "pos": [37, -3]}, "38;-4": {"type": "stone", "variant": 4, "pos": [38, -4]}, "37;-4": {"type": "stone", "variant": 8, "pos": [37, -4]}, "36;-4": {"type": "stone", "variant": 8, "pos": [36, -4]}, "35;-4": {"type": "stone", "variant": 8, "pos": [35, -4]}, "34;-4": {"type": "stone", "variant": 8, "pos": [34, -4]}, "33;-2": {"type": "stone", "variant": 8, "pos": [33, -2]}, "34;-2": {"type": "stone", "variant": 8, "pos": [34, -2]}, "35;-2": {"type": "stone", "variant": 8, "pos": [35, -2]}, "36;-2": {"type": "stone", "variant": 4, "pos": [36, -2]}, "42;0": {"type": "stone", "variant": 8, "pos": [42, 0]}, "41;0": {"type": "stone", "variant": 1, "pos": [41, 0]}, "40;0": {"type": "stone", "variant": 1, "pos": [40, 0]}, "39;0": {"type": "stone", "variant": 0, "pos": [39, 0]}, "35;0": {"type": "stone", "variant": 4, "pos": [35, 0]}, "34;0": {"type": "stone", "variant": 8, "pos": [34, 0]}, "33;0": {"type": "stone", "variant": 8, "pos": [33, 0]}, "32;0": {"type": "stone", "variant": 8, "pos": [32, 0]}, "33;-1": {"type": "stone", "variant": 8, "pos": [33, -1]}, "42;-1": {"type": "stone", "variant": 0, "pos": [42, -1]}, "35;-1": {"type": "stone", "variant": 3, "pos": [35, -1]}, "34;-1": {"type": "stone", "variant": 8, "pos": [34, -1]}, "32;1": {"type": "stone", "variant": 8, "pos": [32, 1]}, "33;1": {"type": "stone", "variant": 5, "pos": [33, 1]}, "34;1": {"type": "stone", "variant": 4, "pos": [34, 1]}, "39;1": {"type": "stone", "variant": 6, "pos": [39, 1]}, "40;1": {"type": "stone", "variant": 8, "pos": [40, 1]}, "41;1": {"type": "stone", "variant": 8, "pos": [41, 1]}, "42;1": {"type": "stone", "variant": 8, "pos": [42, 1]}, "43;1": {"type": "stone", "variant": 8, "pos": [43, 1]}, "42;2": {"type": "stone", "variant": 8, "pos": [42, 2]}, "41;2": {"type": "stone", "variant": 8, "pos": [41, 2]}, "40;2": {"type": "stone", "variant": 6, "pos": [40, 2]}, "32;2": {"type": "stone", "variant": 4, "pos": [32, 2]}, "31;2": {"type": "stone", "variant": 5, "pos": [31, 2]}, "35;3": {"type": "stone", "variant": 0, "pos": [35, 3]}, "36;3": {"type": "stone", "variant": 1, "pos": [36, 3]}, "37;3": {"type": "stone", "variant": 2, "pos": [37, 3]}, "41;3": {"type": "stone", "variant": 6, "pos": [41, 3]}, "39;5": {"type": "stone", "variant": 2, "pos": [39, 5]}, "38;5": {"type": "stone", "variant": 1, "pos": [38, 5]}, "37;5": {"type": "stone", "variant": 8, "pos": [37, 5]}, "36;5": {"type": "stone", "variant": 8, "pos": [36, 5]}, "36;4": {"type": "stone", "variant": 8, "pos": [36, 4]}, "35;4": {"type": "stone", "variant": 8, "pos": [35, 4]}, "34;4": {"type": "stone", "variant": 1, "pos": [34, 4]}, "33;4": {"type": "stone", "variant": 0, "pos": [33, 4]}, "31;6": {"type": "stone", "variant": 0, "pos": [31, 6]}, "32;6": {"type": "stone", "variant": 8, "pos": [32, 6]}, "33;6": {"type": "stone", "variant": 8, "pos": [33, 6]}, "34;6": {"type": "stone", "variant": 8, "pos": [34, 6]}, "35;6": {"type": "stone", "variant": 8, "pos": [35, 6]}, "36;6": {"type": "stone", "variant": 8, "pos": [36, 6]}, "37;6": {"type": "stone", "variant": 8, "pos": [37, 6]}, "38;6": {"type": "stone", "variant": 8, "pos": [38, 6]}, "37;4": {"type": "stone", "variant": 3, "pos": [37, 4]}, "32;5": {"type": "stone", "variant": 0, "pos": [32, 5]}, "33;5": {"type": "stone", "variant": 8, "pos": [33, 5]}, "34;5": {"type": "stone", "variant": 8, "pos": [34, 5]}, "35;5": {"type": "stone", "variant": 8, "pos": [35, 5]}, "26;8": {"type": "stone", "variant": 8, "pos": [26, 8]}, "27;8": {"type": "stone", "variant": 8, "pos": [27, 8]}, "28;8": {"type": "stone", "variant": 8, "pos": [28, 8]}, "29;8": {"type": "stone", "variant": 8, "pos": [29, 8]}, "30;8": {"type": "stone", "variant": 8, "pos": [30, 8]}, "31;8": {"type": "stone", "variant": 8, "pos": [31, 8]}, "32;8": {"type": "stone", "variant": 5, "pos": [32, 8]}, "33;8": {"type": "stone", "variant": 5, "pos": [33, 8]}, "34;8": {"type": "stone", "variant": 5, "pos": [34, 8]}, "35;8": {"type": "stone", "variant": 5, "pos": [35, 8]}, "36;8": {"type": "stone", "variant": 5, "pos": [36, 8]}, "37;8": {"type": "stone", "variant": 5, "pos": [37, 8]}, "38;8": {"type": "stone", "variant": 5, "pos": [38, 8]}, "39;8": {"type": "stone", "variant": 5, "pos": [39, 8]}, "40;8": {"type": "stone", "variant": 5, "pos": [40, 8]}, "25;8": {"type": "stone", "variant": 8, "pos": [25, 8]}, "41;8": {"type": "stone", "variant": 4, "pos": [41, 8]}, "41;7": {"type": "stone", "variant": 8, "pos": [41, 7]}, "42;7": {"type": "stone", "variant": 4, "pos": [42, 7]}, "42;6": {"type": "stone", "variant": 2, "pos": [42, 6]}, "44;3": {"type": "stone", "variant": 5, "pos": [44, 3]}, "45;3": {"type": "stone", "variant": 4, "pos": [45, 3]}, "45;2": {"type": "stone", "variant": 3, "pos": [45, 2]}, "45;1": {"type": "stone", "variant": 8, "pos": [45, 1]}, "46;0": {"type": "stone", "variant": 8, "pos": [46, 0]}, "47;0": {"type": "stone", "variant": 4, "pos": [47, 0]}, "46;1": {"type": "stone", "variant": 4, "pos": [46, 1]}, "44;2": {"type": "stone", "variant": 8, "pos": [44, 2]}, "41;6": {"type": "stone", "variant": 1, "pos": [41, 6]}, "40;7": {"type": "stone", "variant": 8, "pos": [40, 7]}, "46;-1": {"type": "stone", "variant": 8, "pos": [46, -1]}, "47;-1": {"type": "stone", "variant": 3, "pos": [47, -1]}, "47;-2": {"type": "stone", "variant": 3, "pos": [47, -2]}, "47;-3": {"type": "stone", "variant": 3, "pos": [47, -3]}, "46;-3": {"type": "stone", "variant": 8, "pos": [46, -3]}, "46;-4": {"type": "stone", "variant": 8, "pos": [46, -4]}, "46;-5": {"type": "stone", "variant": 8, "pos": [46, -5]}, "47;-5": {"type": "stone", "variant": 3, "pos": [47, -5]}, "47;-6": {"type": "stone", "variant": 2, "pos": [47, -6]}, "46;-6": {"type": "stone", "variant": 8, "pos": [46, -6]}, "46;-7": {"type": "stone", "variant": 2, "pos": [46, -7]}, "45;-7": {"type": "stone", "variant": 1, "pos": [45, -7]}, "46;-2": {"type": "stone", "variant": 8, "pos": [46, -2]}, "47;-4": {"type": "stone", "variant": 3, "pos": [47, -4]}, "24;8": {"type": "stone", "variant": 0, "pos": [24, 8]}, "23;9": {"type": "stone", "variant": 0, "pos": [23, 9]}, "24;9": {"type": "stone", "variant": 5, "pos": [24, 9]}, "25;9": {"type": "stone", "variant": 5, "pos": [25, 9]}, "26;9": {"type": "stone", "variant": 5, "pos": [26, 9]}, "27;9": {"type": "stone", "variant": 5, "pos": [27, 9]}, "28;9": {"type": "stone", "variant": 5, "pos": [28, 9]}, "29;9": {"type": "stone", "variant": 5, "pos": [29, 9]}, "30;9": {"type": "stone", "variant": 5, "pos": [30, 9]}, "31;9": {"type": "stone", "variant": 4, "pos": [31, 9]}, "7;6": {"type": "spawners", "variant": 1, "pos": [7, 6]}, "19;6": {"type": "spawners", "variant": 1, "pos": [19, 6]}, "20;7": {"type": "spawners", "variant": 1, "pos": [20, 7]}, "25;6": {"type": "spawners", "variant": 1, "pos": [25, 6]}, "29;6": {"type": "spawners", "variant": 1, "pos": [29, 6]}, "31;5": {"type": "spawners", "variant": 1, "pos": [31, 5]}, "33;3": {"type": "spawners", "variant": 1, "pos": [33, 3]}, "34;3": {"type": "spawners", "variant": 1, "pos": [34, 3]}, "36;1": {"type": "spawners", "variant": 1, "pos": [36, 1]}, "37;1": {"type": "spawners", "variant": 1, "pos": [37, 1]}, "42;5": {"type": "spawners", "variant": 1, "pos": [42, 5]}, "38;4": {"type": "spawners", "variant": 1, "pos": [38, 4]}, "40;-1": {"type": "spawners", "variant": 1, "pos": [40, -1]}, "42;-2": {"type": "spawners", "variant": 1, "pos": [42, -2]}, "44;-4": {"type": "spawners", "variant": 1, "pos": [44, -4]}, "30;-3": {"type": "spawners", "variant": 1, "pos": [30, -3]}, "36;-8": {"type": "spawners", "variant": 1, "pos": [36, -8]}, "37;-8": {"type": "decor", "variant": 1, "pos": [37, -8]}, "42;-9": {"type": "spawners", "variant": 1, "pos": [42, -9]}, "37;-9": {"type": "spawners", "variant": 1, "pos": [37, -9]}, "38;-9": {"type": "spawners", "variant": 1, "pos": [38, -9]}, "43;-9": {"type": "spawners", "variant": 1, "pos": [43, -9]}, "44;-9": {"type": "spawners", "variant": 1, "pos": [44, -9]}, "39;-9": {"type": "spawners", "variant": 1, "pos": [39, -9]}, "39;-8": {"type": "spawners", "variant": 1, "pos": [39, -8]}, "38;-8": {"type": "spawners", "variant": 1, "pos": [38, -8]}, "42;-8": {"type": "spawners", "variant": 1, "pos": [42, -8]}, "43;-8": {"type": "spawners", "variant": 1, "pos": [43, -8]}, "44;-8": {"type": "spawners", "variant": 1, "pos": [44, -8]}, "45;-8": {"type": "spawners", "variant": 1, "pos": [45, -8]}, "36;-9": {"type": "spawners", "variant": 1, "pos": [36, -9]}, "45;-9": {"type": "spawners", "variant": 1, "pos": [45, -9]}, "28;1": {"type": "spawners", "variant": 1, "pos": [28, 1]}, "34;-8": {"type": "decor", "variant": 1, "pos": [34, -8]}, "41;-8": {"type": "decor", "variant": 2, "pos": [41, -8]}, "46;-8": {"type": "decor", "variant": 3, "pos": [46, -8]}, "37;-10": {"type": "spawners", "variant": 1, "pos": [37, -10]}, "39;-10": {"type": "spawners", "variant": 1, "pos": [39, -10]}, "44;7": {"type": "grass", "variant": 0, "pos": [44, 7]}, "45;7": {"type": "grass", "variant": 1, "pos": [45, 7]}, "46;7": {"type": "grass", "variant": 1, "pos": [46, 7]}, "47;7": {"type": "grass", "variant": 1, "pos": [47, 7]}, "48;7": {"type": "grass", "variant": 2, "pos": [48, 7]}, "48;8": {"type": "grass", "variant": 8, "pos": [48, 8]}, "49;8": {"type": "grass", "variant": 1, "pos": [49, 8]}, "50;8": {"type": "grass", "variant": 1, "pos": [50, 8]}, "51;8": {"type": "grass", "variant": 1, "pos": [51, 8]}, "52;8": {"type": "grass", "variant": 1, "pos": [52, 8]}, "53;8": {"type": "grass", "variant": 2, "pos": [53, 8]}, "53;9": {"type": "grass", "variant": 8, "pos": [53, 9]}, "54;9": {"type": "grass", "variant": 1, "pos": [54, 9]}, "55;9": {"type": "grass", "variant": 1, "pos": [55, 9]}, "56;9": {"type": "grass", "variant": 1, "pos": [56, 9]}, "57;9": {"type": "grass", "variant": 1, "pos": [57, 9]}, "58;9": {"type": "grass", "variant": 2, "pos": [58, 9]}, "58;10": {"type": "grass", "variant": 8, "pos": [58, 10]}, "59;10": {"type": "grass", "variant": 1, "pos": [59, 10]}, "60;10": {"type": "grass", "variant": 1, "pos": [60, 10]}, "61;10": {"type": "grass", "variant": 2, "pos": [61, 10]}, "61;11": {"type": "grass", "variant": 4, "pos": [61, 11]}, "60;11": {"type": "grass", "variant": 5, "pos": [60, 11]}, "59;11": {"type": "grass", "variant": 5, "pos": [59, 11]}, "58;11": {"type": "grass", "variant": 5, "pos": [58, 11]}, "57;11": {"type": "grass", "variant": 5, "pos": [57, 11]}, "56;11": {"type": "grass", "variant": 5, "pos": [56, 11]}, "55;11": {"type": "grass", "variant": 5, "pos": [55, 11]}, "54;11": {"type": "grass", "variant": 5, "pos": [54, 11]}, "53;11": {"type": "grass", "variant": 5, "pos": [53, 11]}, "52;11": {"type": "grass", "variant": 5, "pos": [52, 11]}, "51;11": {"type": "grass", "variant": 8, "pos": [51, 11]}, "51;12": {"type": "grass", "variant": 4, "pos": [51, 12]}, "50;12": {"type": "grass", "variant": 5, "pos": [50, 12]}, "49;12": {"type": "grass", "variant": 5, "pos": [49, 12]}, "48;12": {"type": "grass", "variant": 5, "pos": [48, 12]}, "47;12": {"type": "grass", "variant": 5, "pos": [47, 12]}, "46;12": {"type": "grass", "variant": 5, "pos": [46, 12]}, "45;12": {"type": "grass", "variant": 5, "pos": [45, 12]}, "44;12": {"type": "grass", "variant": 5, "pos": [44, 12]}, "43;12": {"type": "grass", "variant": 6, "pos": [43, 12]}, "43;11": {"type": "grass", "variant": 8, "pos": [43, 11]}, "42;11": {"type": "grass", "variant": 5, "pos": [42, 11]}, "41;11": {"type": "grass", "variant": 0, "pos": [41, 11]}, "42;10": {"type": "grass", "variant": 0, "pos": [42, 10]}, "43;10": {"type": "grass", "variant": 8, "pos": [43, 10]}, "43;9": {"type": "grass", "variant": 0, "pos": [43, 9]}, "44;8": {"type": "grass", "variant": 7, "pos": [44, 8]}, "44;9": {"type": "grass", "variant": 8, "pos": [44, 9]}, "44;10": {"type": "grass", "variant": 8, "pos": [44, 10]}, "44;11": {"type": "grass", "variant": 8, "pos": [44, 11]}, "45;11": {"type": "grass", "variant": 8, "pos": [45, 11]}, "45;10": {"type": "grass", "variant": 8, "pos": [45, 10]}, "45;9": {"type": "grass", "variant": 8, "pos": [45, 9]}, "46;8": {"type": "grass", "variant": 8, "pos": [46, 8]}, "46;9": {"type": "grass", "variant": 8, "pos": [46, 9]}, "46;10": {"type": "grass", "variant": 8, "pos": [46, 10]}, "46;11": {"type": "grass", "variant": 8, "pos": [46, 11]}, "47;11": {"type": "grass", "variant": 8, "pos": [47, 11]}, "48;11": {"type": "grass", "variant": 8, "pos": [48, 11]}, "49;11": {"type": "grass", "variant": 8, "pos": [49, 11]}, "50;11": {"type": "grass", "variant": 8, "pos": [50, 11]}, "51;10": {"type": "grass", "variant": 8, "pos": [51, 10]}, "52;10": {"type": "grass", "variant": 8, "pos": [52, 10]}, "53;10": {"type": "grass", "variant": 8, "pos": [53, 10]}, "54;10": {"type": "grass", "variant": 8, "pos": [54, 10]}, "55;10": {"type": "grass", "variant": 8, "pos": [55, 10]}, "56;10": {"type": "grass", "variant": 8, "pos": [56, 10]}, "57;10": {"type": "grass", "variant": 8, "pos": [57, 10]}, "50;10": {"type": "grass", "variant": 8, "pos": [50, 10]}, "51;9": {"type": "grass", "variant": 8, "pos": [51, 9]}, "52;9": {"type": "grass", "variant": 8, "pos": [52, 9]}, "50;9": {"type": "grass", "variant": 8, "pos": [50, 9]}, "49;10": {"type": "grass", "variant": 8, "pos": [49, 10]}, "48;10": {"type": "grass", "variant": 8, "pos": [48, 10]}, "48;9": {"type": "grass", "variant": 8, "pos": [48, 9]}, "49;9": {"type": "grass", "variant": 8, "pos": [49, 9]}, "47;10": {"type": "grass", "variant": 8, "pos": [47, 10]}, "47;9": {"type": "grass", "variant": 8, "pos": [47, 9]}, "47;8": {"type": "grass", "variant": 8, "pos": [47, 8]}, "45;8": {"type": "grass", "variant": 8, "pos": [45, 8]}, "39;13": {"type": "grass", "variant": 2, "pos": [39, 13]}, "38;13": {"type": "grass", "variant": 1, "pos": [38, 13]}, "37;13": {"type": "grass", "variant": 1, "pos": [37, 13]}, "36;13": {"type": "grass", "variant": 0, "pos": [36, 13]}, "36;14": {"type": "grass", "variant": 8, "pos": [36, 14]}, "35;14": {"type": "grass", "variant": 1, "pos": [35, 14]}, "34;14": {"type": "grass", "variant": 0, "pos": [34, 14]}, "34;15": {"type": "grass", "variant": 8, "pos": [34, 15]}, "33;15": {"type": "grass", "variant": 1, "pos": [33, 15]}, "32;15": {"type": "grass", "variant": 0, "pos": [32, 15]}, "32;16": {"type": "grass", "variant": 8, "pos": [32, 16]}, "31;16": {"type": "grass", "variant": 1, "pos": [31, 16]}, "30;16": {"type": "grass", "variant": 1, "pos": [30, 16]}, "29;16": {"type": "grass", "variant": 1, "pos": [29, 16]}, "28;16": {"type": "grass", "variant": 0, "pos": [28, 16]}, "28;17": {"type": "grass", "variant": 8, "pos": [28, 17]}, "27;17": {"type": "grass", "variant": 0, "pos": [27, 17]}, "27;18": {"type": "grass", "variant": 8, "pos": [27, 18]}, "26;18": {"type": "grass", "variant": 0, "pos": [26, 18]}, "26;19": {"type": "grass", "variant": 7, "pos": [26, 19]}, "25;20": {"type": "grass", "variant": 1, "pos": [25, 20]}, "24;20": {"type": "grass", "variant": 1, "pos": [24, 20]}, "23;20": {"type": "grass", "variant": 0, "pos": [23, 20]}, "23;21": {"type": "grass", "variant": 6, "pos": [23, 21]}, "24;21": {"type": "grass", "variant": 8, "pos": [24, 21]}, "24;22": {"type": "grass", "variant": 6, "pos": [24, 22]}, "25;22": {"type": "grass", "variant": 8, "pos": [25, 22]}, "25;23": {"type": "grass", "variant": 6, "pos": [25, 23]}, "26;23": {"type": "grass", "variant": 5, "pos": [26, 23]}, "27;23": {"type": "grass", "variant": 5, "pos": [27, 23]}, "28;23": {"type": "grass", "variant": 4, "pos": [28, 23]}, "29;22": {"type": "grass", "variant": 5, "pos": [29, 22]}, "30;22": {"type": "grass", "variant": 5, "pos": [30, 22]}, "31;22": {"type": "grass", "variant": 5, "pos": [31, 22]}, "32;22": {"type": "grass", "variant": 4, "pos": [32, 22]}, "32;21": {"type": "grass", "variant": 8, "pos": [32, 21]}, "33;21": {"type": "grass", "variant": 5, "pos": [33, 21]}, "34;21": {"type": "grass", "variant": 5, "pos": [34, 21]}, "35;21": {"type": "grass", "variant": 4, "pos": [35, 21]}, "35;20": {"type": "grass", "variant": 8, "pos": [35, 20]}, "36;20": {"type": "grass", "variant": 4, "pos": [36, 20]}, "36;19": {"type": "grass", "variant": 8, "pos": [36, 19]}, "37;19": {"type": "grass", "variant": 4, "pos": [37, 19]}, "37;18": {"type": "grass", "variant": 8, "pos": [37, 18]}, "38;18": {"type": "grass", "variant": 4, "pos": [38, 18]}, "38;17": {"type": "grass", "variant": 3, "pos": [38, 17]}, "38;16": {"type": "grass", "variant": 8, "pos": [38, 16]}, "39;16": {"type": "grass", "variant": 4, "pos": [39, 16]}, "39;15": {"type": "grass", "variant": 8, "pos": [39, 15]}, "40;15": {"type": "grass", "variant": 4, "pos": [40, 15]}, "40;14": {"type": "grass", "variant": 2, "pos": [40, 14]}, "39;14": {"type": "grass", "variant": 8, "pos": [39, 14]}, "38;14": {"type": "grass", "variant": 8, "pos": [38, 14]}, "37;15": {"type": "grass", "variant": 8, "pos": [37, 15]}, "36;15": {"type": "grass", "variant": 8, "pos": [36, 15]}, "36;16": {"type": "grass", "variant": 8, "pos": [36, 16]}, "35;16": {"type": "grass", "variant": 8, "pos": [35, 16]}, "35;17": {"type": "grass", "variant": 8, "pos": [35, 17]}, "34;17": {"type": "grass", "variant": 8, "pos": [34, 17]}, "34;18": {"type": "grass", "variant": 8, "pos": [34, 18]}, "33;18": {"type": "grass", "variant": 8, "pos": [33, 18]}, "32;18": {"type": "grass", "variant": 8, "pos": [32, 18]}, "31;18": {"type": "grass", "variant": 8, "pos": [31, 18]}, "30;18": {"type": "grass", "variant": 8, "pos": [30, 18]}, "29;18": {"type": "grass", "variant": 8, "pos": [29, 18]}, "29;19": {"type": "grass", "variant": 8, "pos": [29, 19]}, "28;19": {"type": "grass", "variant": 8, "pos": [28, 19]}, "27;20": {"type": "grass", "variant": 8, "pos": [27, 20]}, "26;20": {"type": "grass", "variant": 8, "pos": [26, 20]}, "25;21": {"type": "grass", "variant": 8, "pos": [25, 21]}, "26;21": {"type": "grass", "variant": 8, "pos": [26, 21]}, "27;19": {"type": "grass", "variant": 8, "pos": [27, 19]}, "28;18": {"type": "grass", "variant": 8, "pos": [28, 18]}, "29;17": {"type": "grass", "variant": 8, "pos": [29, 17]}, "30;17": {"type": "grass", "variant": 8, "pos": [30, 17]}, "31;17": {"type": "grass", "variant": 8, "pos": [31, 17]}, "32;17": {"type": "grass", "variant": 8, "pos": [32, 17]}, "33;17": {"type": "grass", "variant": 8, "pos": [33, 17]}, "33;16": {"type": "grass", "variant": 8, "pos": [33, 16]}, "34;16": {"type": "grass", "variant": 8, "pos": [34, 16]}, "35;15": {"type": "grass", "variant": 8, "pos": [35, 15]}, "37;14": {"type": "grass", "variant": 8, "pos": [37, 14]}, "38;15": {"type": "grass", "variant": 8, "pos": [38, 15]}, "37;16": {"type": "grass", "variant": 8, "pos": [37, 16]}, "37;17": {"type": "grass", "variant": 8, "pos": [37, 17]}, "36;17": {"type": "grass", "variant": 8, "pos": [36, 17]}, "35;18": {"type": "grass", "variant": 8, "pos": [35, 18]}, "35;19": {"type": "grass", "variant": 8, "pos": [35, 19]}, "34;19": {"type": "grass", "variant": 8, "pos": [34, 19]}, "34;20": {"type": "grass", "variant": 8, "pos": [34, 20]}, "33;20": {"type": "grass", "variant": 8, "pos": [33, 20]}, "32;20": {"type": "grass", "variant": 8, "pos": [32, 20]}, "31;20": {"type": "grass", "variant": 8, "pos": [31, 20]}, "30;20": {"type": "grass", "variant": 8, "pos": [30, 20]}, "30;19": {"type": "grass", "variant": 8, "pos": [30, 19]}, "29;20": {"type": "grass", "variant": 8, "pos": [29, 20]}, "28;20": {"type": "grass", "variant": 8, "pos": [28, 20]}, "27;21": {"type": "grass", "variant": 8, "pos": [27, 21]}, "27;22": {"type": "grass", "variant": 8, "pos": [27, 22]}, "26;22": {"type": "grass", "variant": 8, "pos": [26, 22]}, "28;22": {"type": "grass", "variant": 8, "pos": [28, 22]}, "29;21": {"type": "grass", "variant": 8, "pos": [29, 21]}, "28;21": {"type": "grass", "variant": 8, "pos": [28, 21]}, "30;21": {"type": "grass", "variant": 8, "pos": [30, 21]}, "31;21": {"type": "grass", "variant": 8, "pos": [31, 21]}, "32;19": {"type": "grass", "variant": 8, "pos": [32, 19]}, "31;19": {"type": "grass", "variant": 8, "pos": [31, 19]}, "33;19": {"type": "grass", "variant": 8, "pos": [33, 19]}, "36;18": {"type": "grass", "variant": 8, "pos": [36, 18]}, "50;7": {"type": "decor", "variant": 0, "pos": [50, 7]}, "57;8": {"type": "decor", "variant": 2, "pos": [57, 8]}, "60;9": {"type": "decor", "variant": 0, "pos": [60, 9]}, "51;7": {"type": "decor", "variant": 2, "pos": [51, 7]}, "45;6": {"type": "decor", "variant": 2, "pos": [45, 6]}, "55;8": {"type": "decor", "variant": 3, "pos": [55, 8]}, "47;6": {"type": "decor", "variant": 3, "pos": [47, 6]}, "28;15": {"type": "decor", "variant": 0, "pos": [28, 15]}, "30;15": {"type": "decor", "variant": 1, "pos": [30, 15]}, "34;13": {"type": "decor", "variant": 1, "pos": [34, 13]}, "38;12": {"type": "decor", "variant": 2, "pos": [38, 12]}, "26;17": {"type": "decor", "variant": 0, "pos": [26, 17]}, "24;19": {"type": "decor", "variant": 0, "pos": [24, 19]}, "25;19": {"type": "decor", "variant": 3, "pos": [25, 19]}, "32;14": {"type": "decor", "variant": 0, "pos": [32, 14]}, "19;13": {"type": "grass", "variant": 2, "pos": [19, 13]}, "18;13": {"type": "grass", "variant": 1, "pos": [18, 13]}, "17;13": {"type": "grass", "variant": 1, "pos": [17, 13]}, "16;13": {"type": "grass", "variant": 1, "pos": [16, 13]}, "15;13": {"type": "grass", "variant": 1, "pos": [15, 13]}, "14;13": {"type": "grass", "variant": 1, "pos": [14, 13]}, "13;13": {"type": "grass", "variant": 1, "pos": [13, 13]}, "12;13": {"type": "grass", "variant": 1, "pos": [12, 13]}, "11;13": {"type": "grass", "variant": 0, "pos": [11, 13]}, "11;14": {"type": "grass", "variant": 8, "pos": [11, 14]}, "10;14": {"type": "grass", "variant": 1, "pos": [10, 14]}, "9;14": {"type": "grass", "variant": 1, "pos": [9, 14]}, "8;14": {"type": "grass", "variant": 1, "pos": [8, 14]}, "7;14": {"type": "grass", "variant": 0, "pos": [7, 14]}, "7;15": {"type": "grass", "variant": 8, "pos": [7, 15]}, "6;15": {"type": "grass", "variant": 1, "pos": [6, 15]}, "5;15": {"type": "grass", "variant": 0, "pos": [5, 15]}, "4;16": {"type": "grass", "variant": 1, "pos": [4, 16]}, "3;16": {"type": "grass", "variant": 0, "pos": [3, 16]}, "3;17": {"type": "grass", "variant": 8, "pos": [3, 17]}, "2;17": {"type": "grass", "variant": 1, "pos": [2, 17]}, "1;17": {"type": "grass", "variant": 0, "pos": [1, 17]}, "0;18": {"type": "grass", "variant": 1, "pos": [0, 18]}, "-1;18": {"type": "grass", "variant": 0, "pos": [-1, 18]}, "-1;19": {"type": "grass", "variant": 8, "pos": [-1, 19]}, "-2;19": {"type": "grass", "variant": 0, "pos": [-2, 19]}, "-1;20": {"type": "grass", "variant": 6, "pos": [-1, 20]}, "0;20": {"type": "grass", "variant": 5, "pos": [0, 20]}, "1;20": {"type": "grass", "variant": 4, "pos": [1, 20]}, "1;19": {"type": "grass", "variant": 8, "pos": [1, 19]}, "2;19": {"type": "grass", "variant": 5, "pos": [2, 19]}, "3;19": {"type": "grass", "variant": 5, "pos": [3, 19]}, "4;19": {"type": "grass", "variant": 5, "pos": [4, 19]}, "5;19": {"type": "grass", "variant": 5, "pos": [5, 19]}, "6;19": {"type": "grass", "variant": 5, "pos": [6, 19]}, "7;19": {"type": "grass", "variant": 5, "pos": [7, 19]}, "8;19": {"type": "grass", "variant": 5, "pos": [8, 19]}, "9;19": {"type": "grass", "variant": 4, "pos": [9, 19]}, "9;18": {"type": "grass", "variant": 8, "pos": [9, 18]}, "10;18": {"type": "grass", "variant": 5, "pos": [10, 18]}, "11;18": {"type": "grass", "variant": 5, "pos": [11, 18]}, "12;18": {"type": "grass", "variant": 5, "pos": [12, 18]}, "13;18": {"type": "grass", "variant": 5, "pos": [13, 18]}, "14;18": {"type": "grass", "variant": 4, "pos": [14, 18]}, "14;17": {"type": "grass", "variant": 8, "pos": [14, 17]}, "15;17": {"type": "grass", "variant": 5, "pos": [15, 17]}, "16;17": {"type": "grass", "variant": 5, "pos": [16, 17]}, "17;17": {"type": "grass", "variant": 4, "pos": [17, 17]}, "17;16": {"type": "grass", "variant": 8, "pos": [17, 16]}, "18;16": {"type": "grass", "variant": 4, "pos": [18, 16]}, "18;15": {"type": "grass", "variant": 8, "pos": [18, 15]}, "19;15": {"type": "grass", "variant": 4, "pos": [19, 15]}, "19;14": {"type": "grass", "variant": 3, "pos": [19, 14]}, "18;14": {"type": "grass", "variant": 8, "pos": [18, 14]}, "17;14": {"type": "grass", "variant": 8, "pos": [17, 14]}, "16;14": {"type": "grass", "variant": 8, "pos": [16, 14]}, "15;14": {"type": "grass", "variant": 8, "pos": [15, 14]}, "14;14": {"type": "grass", "variant": 8, "pos": [14, 14]}, "13;14": {"type": "grass", "variant": 8, "pos": [13, 14]}, "12;14": {"type": "grass", "variant": 8, "pos": [12, 14]}, "12;15": {"type": "grass", "variant": 8, "pos": [12, 15]}, "11;15": {"type": "grass", "variant": 8, "pos": [11, 15]}, "10;15": {"type": "grass", "variant": 8, "pos": [10, 15]}, "10;16": {"type": "grass", "variant": 8, "pos": [10, 16]}, "9;16": {"type": "grass", "variant": 8, "pos": [9, 16]}, "8;16": {"type": "grass", "variant": 8, "pos": [8, 16]}, "7;16": {"type": "grass", "variant": 8, "pos": [7, 16]}, "6;16": {"type": "grass", "variant": 8, "pos": [6, 16]}, "5;16": {"type": "grass", "variant": 8, "pos": [5, 16]}, "5;17": {"type": "grass", "variant": 8, "pos": [5, 17]}, "4;17": {"type": "grass", "variant": 8, "pos": [4, 17]}, "2;18": {"type": "grass", "variant": 8, "pos": [2, 18]}, "1;18": {"type": "grass", "variant": 8, "pos": [1, 18]}, "0;19": {"type": "grass", "variant": 8, "pos": [0, 19]}, "3;18": {"type": "grass", "variant": 8, "pos": [3, 18]}, "4;18": {"type": "grass", "variant": 8, "pos": [4, 18]}, "5;18": {"type": "grass", "variant": 8, "pos": [5, 18]}, "6;18": {"type": "grass", "variant": 8, "pos": [6, 18]}, "7;18": {"type": "grass", "variant": 8, "pos": [7, 18]}, "8;18": {"type": "grass", "variant": 8, "pos": [8, 18]}, "8;17": {"type": "grass", "variant": 8, "pos": [8, 17]}, "9;17": {"type": "grass", "variant": 8, "pos": [9, 17]}, "7;17": {"type": "grass", "variant": 8, "pos": [7, 17]}, "6;17": {"type": "grass", "variant": 8, "pos": [6, 17]}, "8;15": {"type": "grass", "variant": 8, "pos": [8, 15]}, "9;15": {"type": "grass", "variant": 8, "pos": [9, 15]}, "13;15": {"type": "grass", "variant": 8, "pos": [13, 15]}, "14;15": {"type": "grass", "variant": 8, "pos": [14, 15]}, "15;15": {"type": "grass", "variant": 8, "pos": [15, 15]}, "16;15": {"type": "grass", "variant": 8, "pos": [16, 15]}, "17;15": {"type": "grass", "variant": 8, "pos": [17, 15]}, "16;16": {"type": "grass", "variant": 8, "pos": [16, 16]}, "15;16": {"type": "grass", "variant": 8, "pos": [15, 16]}, "14;16": {"type": "grass", "variant": 8, "pos": [14, 16]}, "13;16": {"type": "grass", "variant": 8, "pos": [13, 16]}, "12;16": {"type": "grass", "variant": 8, "pos": [12, 16]}, "11;17": {"type": "grass", "variant": 8, "pos": [11, 17]}, "10;17": {"type": "grass", "variant": 8, "pos": [10, 17]}, "12;17": {"type": "grass", "variant": 8, "pos": [12, 17]}, "13;17": {"type": "grass", "variant": 8, "pos": [13, 17]}, "11;16": {"type": "grass", "variant": 8, "pos": [11, 16]}, "-1;17": {"type": "decor", "variant": 0, "pos": [-1, 17]}, "1;16": {"type": "decor", "variant": 0, "pos": [1, 16]}, "3;15": {"type": "decor", "variant": 1, "pos": [3, 15]}, "9;13": {"type": "decor", "variant": 1, "pos": [9, 13]}}, "tile_size": 16, "offgrid": [{"type": "large_decor", "variant": 0, "pos": [236.5, 87.5]}, {"type": "large_decor", "variant": 2, "pos": [130.5, 52.0]}, {"type": "large_decor", "variant": 0, "pos": [438.0, 103.5]}, {"type": "large_decor", "variant": 0, "pos": [635.5, -9.0]}, {"type": "large_decor", "variant": 2, "pos": [691.5, -155.0]}, {"type": "large_decor", "variant": 2, "pos": [574.5, -156.0]}, {"type": "large_decor", "variant": 1, "pos": [670.0, -123.5]}, {"type": "large_decor", "variant": 0, "pos": [620.0, -120.5]}, {"type": "large_decor", "variant": 0, "pos": [949.5, 151.5]}, {"type": "large_decor", "variant": 1, "pos": [785.5, 116.5]}, {"type": "large_decor", "variant": 2, "pos": [840.5, 84.5]}, {"type": "large_decor", "variant": 0, "pos": [828.0, 119.0]}, {"type": "spawners", "variant": 1, "pos": [727.5, 93.5]}, {"type": "spawners", "variant": 1, "pos": [796.0, 84.0]}, {"type": "spawners", "variant": 1, "pos": [826.0, 84.0]}, {"type": "spawners", "variant": 1, "pos": [914.0, 86.0]}, {"type": "spawners", "variant": 1, "pos": [942.0, 91.0]}, {"type": "spawners", "variant": 1, "pos": [974.0, 100.0]}, {"type": "spawners", "variant": 1, "pos": [602.5, 185.5]}, {"type": "spawners", "variant": 1, "pos": [557.5, 203.0]}, {"type": "spawners", "variant": 1, "pos": [522.5, 209.5]}, {"type": "spawners", "variant": 1, "pos": [497.0, 212.0]}, {"type": "spawners", "variant": 1, "pos": [471.0, 221.5]}, {"type": "spawners", "variant": 1, "pos": [445.0, 229.5]}, {"type": "spawners", "variant": 1, "pos": [600.5, 178.0]}, {"type": "spawners", "variant": 1, "pos": [627.0, 177.5]}, {"type": "large_decor", "variant": 0, "pos": [579.0, 199.0]}, {"type": "large_decor", "variant": 2, "pos": [462.0, 212.5]}, {"type": "large_decor", "variant": 0, "pos": [181.0, 199.5]}, {"type": "large_decor", "variant": 1, "pos": [-11.5, 277.0]}, {"type": "large_decor", "variant": 1, "pos": [34.5, 261.0]}, {"type": "large_decor", "variant": 1, "pos": [74.5, 245.5]}, {"type": "large_decor", "variant": 2, "pos": [262.5, 165.0]}, {"type": "large_decor", "variant": 2, "pos": [117.5, 181.5]}, {"type": "spawners", "variant": 1, "pos": [-30.5, 272.0]}, {"type": "spawners", "variant": 1, "pos": [-16.0, 255.5]}, {"type": "spawners", "variant": 1, "pos": [-6.0, 254.5]}, {"type": "spawners", "variant": 1, "pos": [18.5, 244.5]}, {"type": "spawners", "variant": 1, "pos": [30.0, 242.0]}, {"type": "spawners", "variant": 1, "pos": [64.0, 231.0]}, {"type": "spawners", "variant": 1, "pos": [64.0, 230.5]}, {"type": "spawners", "variant": 1, "pos": [85.5, 220.5]}, {"type": "spawners", "variant": 1, "pos": [85.5, 220.5]}, {"type": "spawners", "variant": 1, "pos": [119.5, 204.0]}, {"type": "spawners", "variant": 1, "pos": [133.0, 204.0]}, {"type": "spawners", "variant": 1, "pos": [152.5, 203.5]}, {"type": "spawners", "variant": 1, "pos": [169.5, 202.5]}, {"type": "spawners", "variant": 1, "pos": [202.5, 191.5]}, {"type": "spawners", "variant": 1, "pos": [233.5, 189.0]}, {"type": "spawners", "variant": 1, "pos": [235.5, 189.0]}, {"type": "spawners", "variant": 1, "pos": [237.5, 189.0]}, {"type": "spawners", "variant": 1, "pos": [271.5, 189.0]}, {"type": "spawners", "variant": 1, "pos": [275.5, 189.0]}, {"type": "spawners", "variant": 1, "pos": [277.5, 189.0]}]}